expiry,T,strike,option_type,mid_price,open_interest,underlying_spot,moneyness,iv,delta,gamma,vega,theta,rho
2026-09-22,0.0273972602739726,24000.0,call,22.2,3257735,23398.1,1.025724310948325,0.11450743714937969,0.105420720740877,0.00041118291335409804,706.2152231608693,-1610.0432899884092,66.97108399897246
2026-09-22,0.0273972602739726,24250.0,call,9.35,238095,23398.1,1.0364089391873699,0.12327848093026897,0.047591889146145656,0.000207649467266396,383.9603832954915,-924.4845018556487,30.252322972028935
2026-09-22,0.0273972602739726,24600.0,call,4.4,626925,23398.1,1.051367418722033,0.14413345638698644,0.02145044940845987,9.20323242132167e-05,198.9635459434669,-550.679277018716,13.630130425974572
2026-09-29,0.04657534246575343,22800.0,call,745.4,224120,23398.1,0.9744380954009086,0.15827908801233254,0.8019998751444325,0.00034760729708071256,1402.909533157979,-3367.4243961912907,839.2817544348711
2026-09-29,0.04657534246575343,23000.0,call,571.45,774930,23398.1,0.9829857979921447,0.14401804383766934,0.741835487153275,0.00044387816840758587,1630.0387750923235,-3437.6844253092195,781.8179328795269
2026-09-29,0.04657534246575343,23700.0,call,131.75,1674725,23398.1,1.0129027570614708,0.11498678117396724,0.34405584865908223,0.0006337042666819337,1858.0260155405601,-2727.778926734689,368.8070034834589
2026-09-29,0.04657534246575343,25200.0,call,6.1,532805,23398.1,1.0770105264957412,0.16117926376589903,0.020577074807979736,6.093713250600549e-05,250.4427269972798,-459.42679960759773,22.140262638885947
2026-09-29,0.04657534246575343,25600.0,call,4.4,133445,23398.1,1.0941059316782134,0.1821603393878175,0.013793217344475013,3.829975433174648e-05,177.89635816220357,-365.34873107590084,14.826565355854681
2026-09-29,0.04657534246575343,26200.0,call,2.65,181220,23398.1,1.1197490394519214,0.2094796305522636,0.007701824272237262,2.0039900139787112e-05,107.04209361698213,-250.4581769223513,8.269827228151957
2026-10-06,0.06575342465753424,24100.0,call,69.65,40300,23398.1,1.029998162243943,0.11307246223337801,0.18925795982680654,0.0003989352609771815,1623.8235529973608,-1635.2269352356786,286.59463019580846
2026-10-06,0.06575342465753424,24200.0,call,55.15,36985,23398.1,1.0342720135395609,0.11432758234918104,0.15580130200034967,0.00034849074721148465,1434.240011738785,-1443.7947332578801,236.07481277567328
2026-10-06,0.06575342465753424,24500.0,call,28.0,103285,23398.1,1.047093567426415,0.1197035933007193,0.08590520765708812,0.00021835390516401656,940.9091970885278,-965.1899302582009,130.3245156989207
2026-10-27,0.1232876712328767,26000.0,call,12.0,1098240,23398.1,1.1112013368606852,0.14401075937865299,0.027027241925566218,5.271682886583135e-05,512.418797603325,-333.27617351563555,76.4859590173187
2026-10-27,0.1232876712328767,24500.0,call,77.9,1626690,23398.1,1.047093567426415,0.11174819077719363,0.16324718061370075,0.0002683999926056984,2024.4349896974986,-1122.49452039296,461.3145940796891
2026-10-27,0.1232876712328767,24200.0,call,133.7,430560,23398.1,1.0342720135395609,0.11088852632650371,0.250529364322979,0.00034900374288793847,2612.1465057098126,-1488.4349773534043,706.217808688061
2026-10-27,0.1232876712328767,23900.0,call,228.0,247195,23398.1,1.021450459652707,0.11332361817115384,0.36532018943703953,0.0004035110138379578,3086.4316245550813,-1873.8027255753923,1025.7285602415109
2026-10-13,0.08493150684931507,23300.0,call,559.62,2210,23398.1,0.9958073518789988,0.1658776851113757,0.5817787157404211,0.000344881253151134,2660.0363337606445,-3309.939634243859,1108.6021766212932
2026-10-06,0.06575342465753424,23500.0,call,279.3,82225,23398.1,1.0043550544702349,0.12025584399005548,0.49639114340458657,0.0005525401361353698,2391.936157180037,-2807.9442370036018,745.3354266951492
2026-09-29,0.04657534246575343,24900.0,call,8.4,531830,23398.1,1.0641889726088871,0.1455874359283353,0.02984823217799901,9.215797437359336e-05,342.116531379828,-572.5676744462874,32.13661007881785
2026-09-29,0.04657534246575343,24800.0,call,9.6,1082770,23398.1,1.0599151213132691,0.1406653503683083,0.03457497782198639,0.00010768933098504206,386.2576141868365,-627.1517910464719,37.23180659661647
2026-09-29,0.04657534246575343,24700.0,call,11.3,1580345,23398.1,1.0556412700176512,0.136274719790783,0.04096685678445374,0.00012766864492570726,443.62579326201694,-700.9875642016071,44.118336917814226
2026-09-29,0.04657534246575343,24400.0,call,19.25,2890680,23398.1,1.042819716130797,0.12294893494664955,0.07069869177636079,0.00021790071489784007,683.1257695158371,-991.3834846437003,76.14905758800869
2026-09-22,0.0273972602739726,25300.0,call,1.8,499265,23398.1,1.0812843777913592,0.18928119107674396,0.007534108933652137,2.8362557969471374e-05,80.52322823163824,-287.73657967399714,4.780378923761025
2026-09-15,0.00821917808219178,24100.0,call,2.45,5814250,23398.1,1.029998162243943,0.1561209166814958,0.020217267776019923,0.00014754567734411416,103.65187410061635,-1010.2769849408795,3.867909477534434
2026-09-15,0.00821917808219178,23500.0,call,72.75,9299940,23398.1,1.0043550544702349,0.1327454171130214,0.37539736632499215,0.0013470038287152213,804.5961356801122,-6975.760784404168,71.59590506714929
2026-09-15,0.00821917808219178,23250.0,call,237.65,1402895,23398.1,0.9936704262311897,0.17163263730570677,0.6717508445086726,0.0009924241888829744,766.4552311682005,-8851.573794970107,127.2332337118767
2026-09-29,0.04657534246575343,23200.0,call,418.85,315770,23398.1,0.9915335005833807,0.1353198246704022,0.652707176418328,0.0005400954140833298,1863.5847958117995,-3519.9668054631884,691.7955695551838
2026-10-27,0.1232876712328767,25200.0,call,25.7,168870,23398.1,1.0770105264957412,0.12210315948524733,0.06039637277982066,0.00011933018640152034,983.4630680930111,-563.0604422042364,171.05675796911746
2026-10-27,0.1232876712328767,24550.0,call,70.1,38935,23398.1,1.049230493074224,0.11150637253420753,0.15022720099572603,0.00025466614359018257,1916.6893709163144,-1055.5360293820127,424.7175292821606
2026-10-27,0.1232876712328767,22000.0,call,1614.2,68120,23398.1,0.9402472850359646,0.16044646623850273,0.8918147451504667,0.00013974730706769822,1513.4024719477416,-2027.5197000470303,2373.604590882138
2026-10-13,0.08493150684931507,23500.0,call,328.7,9360,23398.1,1.0043550544702349,0.11955273159138523,0.5102436135177512,0.0004887774077193388,2717.068841383362,-2547.588027684813,986.0574351429185
2026-10-06,0.06575342465753424,23850.0,call,132.9,7930,23398.1,1.019313534004898,0.11545917090575467,0.3051167657782806,0.0005055458596492246,2101.2056274397514,-2228.812034666104,460.68510304865856
2026-09-15,0.00821917808219178,24550.0,call,1.0,917475,23398.1,1.049230493074224,0.21221671758596772,0.0068555373047940234,4.249803682215201e-05,40.5824289647495,-532.6704437122962,1.3101908076351843
2026-09-22,0.0273972602739726,23300.0,call,281.35,755235,23398.1,0.9958073518789988,0.13506803543142193,0.6049102885922706,0.0007358361398251065,1490.7403889887512,-4434.8311844341915,380.0657924247987
2026-09-22,0.0273972602739726,24400.0,call,6.7,1058915,23398.1,1.042819716130797,0.13249996495687205,0.03345851354683817,0.0001450977281108982,288.366427379457,-739.927993312505,21.26481221697902
2026-09-29,0.04657534246575343,25300.0,call,5.65,471965,23398.1,1.0812843777913592,0.16676692158853476,0.018652345641839423,5.418310697795137e-05,230.40455426281912,-436.1277853477496,20.063697761490946
2026-09-29,0.04657534246575343,24250.0,call,27.2,359580,23398.1,1.0364089391873699,0.11782702887730483,0.09797603574734483,0.00029054893099744104,872.9340839822975,-1228.4980595015297,105.50493773741363
2026-09-29,0.04657534246575343,23650.0,call,151.75,241085,23398.1,1.0107658314136618,0.11629780630966606,0.3773306323291648,0.000646747456164761,1917.8891156165473,-2870.1889416996346,404.13750068814767
2026-09-29,0.04657534246575343,23500.0,call,222.15,3196635,23398.1,1.0043550544702349,0.12030774919150043,0.4775572581487816,0.0006553619512368111,2010.444404224446,-3196.6940414481933,510.08302285493363
2026-09-29,0.04657534246575343,23450.0,call,252.35,171860,23398.1,1.002218128822426,0.12333047085099756,0.5102559078256518,0.000640071524305527,2012.8719069109097,-3305.263299725898,544.3105996347781
2026-09-29,0.04657534246575343,23400.0,call,280.3,1867125,23398.1,1.000081203174617,0.12444693426958785,0.5418711283505815,0.000631008174314389,2002.3335767253877,-3354.1784713042384,577.4622612147074
2026-09-22,0.0273972602739726,24100.0,call,14.9,1340365,23398.1,1.029998162243943,0.11658444606102868,0.07435765156860266,0.00031143889344872975,544.6051980993655,-1253.4600671871258,47.25829498862919
2026-09-22,0.0273972602739726,24800.0,call,2.8,1535495,23398.1,1.0599151213132691,0.1539879306289898,0.013510678550989684,5.802875608490186e-05,134.02884184670452,-393.86336943925954,8.584224871156952
2026-09-22,0.0273972602739726,25000.0,call,2.4,4102930,23398.1,1.068462823904505,0.1691925956217187,0.010811896485395461,4.3536423222176256e-05,110.48477113846916,-354.90877593544775,6.865146168596454
2026-09-29,0.04657534246575343,21000.0,call,2484.25,512850,23398.1,0.8975087720797843,0.31673682217099247,0.9504481055430298,6.353572697073042e-05,513.1375555455334,-2806.453758792482,920.0693365424263
2026-09-29,0.04657534246575343,24300.0,call,24.3,4484870,23398.1,1.038545864835179,0.1196438912939712,0.0880420074706888,0.0002643930053460519,806.5991007148913,-1147.727220199449,94.81415601503586
2026-10-06,0.06575342465753424,23600.0,call,229.6,34255,23398.1,1.0086289057658528,0.11848493883440352,0.4406567656062854,0.0005546621023561213,2365.7628346407205,-2683.6583683130934,662.8557419235531
2026-10-06,0.06575342465753424,23750.0,call,166.8,7540,23398.1,1.0150396827092798,0.11636580201469333,0.3576351767809316,0.00053439624619588,2238.5578837550356,-2430.218517510367,539.2559116019698
2026-10-27,0.1232876712328767,24100.0,call,161.9,358345,23398.1,1.029998162243943,0.111910544962683,0.2873912773601892,0.00037048461498855766,2798.4788131745613,-1629.435057295065,809.0765756761481
2026-10-27,0.1232876712328767,24600.0,call,64.0,321230,23398.1,1.051367418722033,0.11185465119378137,0.13920453519608558,0.0002411744629381262,1820.8165943453355,-1000.9637068052666,393.67248137622653
2026-09-15,0.00821917808219178,24500.0,call,1.05,10113610,23398.1,1.047093567426415,0.20536566622319083,0.007382362029382734,4.688014050130933e-05,43.32178261525233,-550.6544890370361,1.4110951659788458
2026-09-15,0.00821917808219178,23900.0,call,4.85,6904625,23398.1,1.021450459652707,0.1325770358494649,0.04251652894349859,0.00032194845597214233,192.06322953342806,-1603.408812315693,8.136624765273282
2026-09-15,0.00821917808219178,23600.0,call,37.0,7902895,23398.1,1.0086289057658528,0.12519315248187793,0.23836983999919675,0.0011662033183460322,656.9683145363462,-5307.768077525813,45.53754475364457
2026-09-15,0.00821917808219178,23200.0,call,280.2,1161355,23398.1,0.9915335005833807,0.18276692076299056,0.7083389976547102,0.0008851219116676207,727.9310803823954,-8986.716698121165,133.91989100616183
2026-09-22,0.0273972602739726,23650.0,call,95.4,493350,23398.1,1.0107658314136618,0.1183297228644947,0.3226689365761682,0.0007829144240725632,1389.5573086107606,-3409.813447487919,204.23123411948845
2026-09-22,0.0273972602739726,23800.0,call,53.45,2156505,23398.1,1.0171766083570888,0.11586982626991918,0.21184469982093784,0.000645459664394494,1121.7802373482127,-2641.2915280354428,134.33735746192357
2026-10-27,0.1232876712328767,25050.0,call,30.8,28080,23398.1,1.070599749552314,0.11833691182424222,0.072351626892753,0.00014161357266424387,1131.112874901652,-633.9528459039657,204.91527956065565
2026-10-27,0.1232876712328767,23000.0,call,756.2,311350,23398.1,0.9829857979921447,0.13097587809748773,0.7057668507615121,0.00031943205748530246,2823.908706428229,-2359.0988702669342,1942.693564390322
2026-10-13,0.08493150684931507,23700.0,call,229.75,8515,23398.1,1.0129027570614708,0.11587680102284727,0.41086470259354796,0.0004919181742735351,2650.4485628976436,-2321.883759534773,796.9721059249131
2026-10-06,0.06575342465753424,23900.0,call,114.7,49920,23398.1,1.021450459652707,0.11341901723600853,0.2771241128707693,0.000492026859148402,2008.8811961443,-2081.748145020832,418.81497240696274
2026-10-06,0.06575342465753424,23300.0,call,396.65,12935,23398.1,0.9958073518789988,0.12455263746678102,0.6024612068978291,0.0005156651620148104,2312.066296251701,-2939.3242813468855,900.8085709018501
2026-09-29,0.04657534246575343,25100.0,call,6.85,330785,23398.1,1.072736675200123,0.15638955020837197,0.02341957770093313,7.005333469941119e-05,279.3532874443265,-498.69613020116276,25.20301776531815
2026-09-29,0.04657534246575343,23800.0,call,98.7,2968355,23398.1,1.0171766083570888,0.11343904363074621,0.2812384465441685,0.000588770105264264,1703.042748812848,-2429.476981741821,301.88949270631053
2026-09-29,0.04657534246575343,23550.0,call,195.9,182780,23398.1,1.0064919801180439,0.1184235490779542,0.44404996481506237,0.0006603037199537281,1993.8801916596692,-3093.5554779079775,474.7902281406688
2026-09-29,0.04657534246575343,23250.0,call,382.75,556205,23398.1,0.9936704262311897,0.13281886768078863,0.627200801154602,0.0005639259163279873,1909.8491677639313,-3505.420827549068,665.6807400244172
2026-09-22,0.0273972602739726,24900.0,call,2.4,1457495,23398.1,1.0641889726088871,0.16007130302035066,0.011361198997579714,4.804395135944511e-05,115.35077583488514,-351.4390449775604,7.217273159437932
2026-09-22,0.0273972602739726,23950.0,call,27.9,512915,23398.1,1.023587385300516,0.11462590216114435,0.12713655343855432,0.0004691769942329124,806.6549375657289,-1849.2577451139289,80.73572030111411
2026-09-22,0.0273972602739726,23750.0,call,65.2,395915,23398.1,1.0150396827092798,0.11639960350113701,0.2459886152891886,0.0006987672295169257,1219.978989841245,-2903.916180859293,155.90318348942841
2026-09-22,0.0273972602739726,23100.0,call,431.2,219375,23398.1,0.9872596492877628,0.14805841713410475,0.724531220005521,0.0005820274251524101,1292.5426197873749,-4396.903567878701,452.64256907153356
2026-09-15,0.00821917808219178,24350.0,call,1.35,1061970,23398.1,1.040682790482988,0.1865774689813232,0.010107431836876658,6.797099298636557e-05,57.06533717647171,-660.618417644269,1.9326961713364719
2026-09-15,0.00821917808219178,24000.0,call,3.4,13668460,23398.1,1.025724310948325,0.14455388226471863,0.028909084637663115,0.00021517434602953876,139.96189934700965,-1267.7641560790405,5.531651948570141
2026-09-15,0.00821917808219178,23400.0,call,127.8,6159140,23398.1,1.000081203174617,0.14587434578098227,0.5137801826985962,0.0012883678541972426,845.6845128923716,-8157.497971032951,97.75627474367276
2026-09-22,0.0273972602739726,24700.0,call,3.4,962325,23398.1,1.0556412700176512,0.14849573767681237,0.016605068879642346,7.184570818171505e-05,160.0232694030965,-454.8186036124642,10.551426358988014
2026-09-22,0.0273972602739726,24150.0,call,12.7,385190,23398.1,1.032135087891752,0.1187582668755671,0.0639134925919143,0.0002720738112150151,484.6396164814628,-1131.802522679905,40.62340524151928
2026-10-27,0.1232876712328767,24350.0,call,101.0,35685,23398.1,1.040682790482988,0.11057953499848494,0.20217667173087847,0.0003100188833300403,2313.895501662572,-1291.3081406093856,570.7663708562221
2026-10-27,0.1232876712328767,23300.0,call,541.35,87230,23398.1,0.9958073518789988,0.12313963924983465,0.6078299298852295,0.0003791757274979322,3151.5139979812475,-2320.8908686241316,1686.6636201805318
2026-10-13,0.08493150684931507,24800.0,call,25.75,9100,23398.1,1.0599151213132691,0.12313262965259093,0.07025649063060836,0.00016033219079280417,917.9602936367096,-754.1626516032316,137.42923340332052
2026-10-06,0.06575342465753424,24600.0,call,22.6,35620,23398.1,1.051367418722033,0.12191340341418902,0.07059572870480561,0.00018473327114911165,810.7298039274286,-840.9672593482446,107.12586869110713
2026-10-06,0.06575342465753424,23950.0,call,100.4,12675,23398.1,1.023587385300516,0.11260801292341921,0.2519963389405473,0.0004721779538481243,1914.0556638371106,-1956.753866744325,381.0960350426647
2026-09-29,0.04657534246575343,24850.0,call,8.8,255515,23398.1,1.0620520469610781,0.14265390697211575,0.03164853597776025,9.872602036925284e-05,359.1141716666176,-590.1151664705352,34.07990515635871
2026-09-29,0.04657534246575343,24100.0,call,40.65,1846130,23398.1,1.029998162243943,0.11437009345347784,0.13970335222818767,0.0003847846277430093,1122.141003406731,-1554.9022770308372,150.35187502494736
2026-09-29,0.04657534246575343,24000.0,call,54.8,8507915,23398.1,1.025724310948325,0.11348279070965436,0.1786427929295401,0.00045565213616143816,1318.5015973451702,-1832.6250353557157,192.12802864944382
2026-09-29,0.04657534246575343,23900.0,call,73.45,1961115,23398.1,1.021450459652707,0.11294135652253366,0.22548260876481255,0.0005264076788044506,1515.97646084811,-2123.4571237820637,242.3042430441773
2026-09-22,0.0273972602739726,24200.0,call,10.65,1332565,23398.1,1.0342720135395609,0.12047310969080299,0.05430337162456266,0.00023601615263443544,426.4814717300343,-1006.8672827273682,34.51905938687163
2026-09-22,0.0273972602739726,23450.0,call,188.75,958815,23398.1,1.002218128822426,0.12745160822444895,0.49066994603128206,0.0008077857910271008,1544.2224095939666,-4211.020935026287,309.36971136655825
2026-09-22,0.0273972602739726,23400.0,call,218.3,2068625,23398.1,1.000081203174617,0.13035194596737731,0.530488647799856,0.0007876921002233668,1540.0766273661186,-4332.2176924570795,334.0856584784168
2026-09-15,0.00821917808219178,24750.0,call,0.75,955695,23398.1,1.0577781956654602,0.23622316710577354,0.004784060009090716,2.774294410678699e-05,29.489309978116044,-429.87637574463633,0.9138732724502109
2026-09-15,0.00821917808219178,24250.0,call,1.55,1800240,23398.1,1.0364089391873699,0.1726236767271495,0.012274743203565251,8.698545058145208e-05,67.56729857785521,-725.238255133562,2.347854812904805
2026-09-15,0.00821917808219178,24200.0,call,1.75,5455840,23398.1,1.0342720135395609,0.16659768499523564,0.01413037148049466,0.00010179096117803026,76.30759276253,-791.4245498847703,2.703072704933461
2026-09-15,0.00821917808219178,23850.0,call,6.25,3011775,23398.1,1.019313534004898,0.12809384245485453,0.054516521456205155,0.00040654268151045595,234.3278871275746,-1895.7216841281636,10.432874275829402
2026-09-29,0.04657534246575343,26500.0,call,1.6,887055,23398.1,1.1325705933387755,0.2158068685153149,0.004732000493019138,1.2632530064523589e-05,69.51409064043469,-167.03237294873747,5.082292295985175
2026-09-29,0.04657534246575343,25400.0,call,5.2,204165,23398.1,1.0855582290869772,0.17204720599471654,0.016850725571051408,4.8160044556720685e-05,211.27676897697515,-411.5705286905473,18.121297528220342
2026-09-29,0.04657534246575343,24950.0,call,7.9,103740,23398.1,1.066325898256696,0.14810574381105374,0.02785909060193299,8.55434091382011e-05,323.0544279573958,-548.9814432396071,29.992181926495796
2026-09-29,0.04657534246575343,23850.0,call,86.8,257595,23398.1,1.019313534004898,0.11406903337060234,0.25428537859254724,0.0005565352068808905,1618.742044781545,-2303.850950937336,273.0709866622618
2026-09-22,0.0273972602739726,24350.0,call,7.4,329745,23398.1,1.040682790482988,0.12924560744298855,0.037291168486921884,0.00016258821399510082,315.1905394432282,-790.9589543991001,23.702534018530617
2026-09-22,0.0273972602739726,23550.0,call,137.05,328315,23398.1,1.0064919801180439,0.1224420702118387,0.4070676906884674,0.0008181896475899055,1502.6331479034259,-3872.6809413483006,257.19343610774627
2026-09-15,0.00821917808219178,25500.0,call,0.4,1740115,23398.1,1.0898320803825952,0.32620718067816606,0.0019964136544809896,9.147516672951582e-06,13.427226107648574,-268.9966778867161,0.3806489017904999
2026-09-15,0.00821917808219178,24800.0,call,0.7,3025555,23398.1,1.0599151213132691,0.24203592657903678,0.0043928196541961045,2.50912434900616e-05,27.326977292721143,-407.96597501996325,0.8390436187837511
2026-09-15,0.00821917808219178,24150.0,call,2.2,2113085,23398.1,1.032135087891752,0.1628841602099525,0.017691765997694966,0.00012624482088414185,92.52988008382515,-939.4832726138438,3.3842770702269283
2026-09-15,0.00821917808219178,23300.0,call,198.4,2777060,23398.1,0.9958073518789988,0.16264432181673227,0.6265880901461914,0.0010974649488055025,803.1915673588625,-8740.392382394404,118.87044486320866
2026-10-27,0.1232876712328767,24700.0,call,53.6,297570,23398.1,1.0556412700176512,0.1127950436427476,0.11961023042537745,0.0002152947301771557,1639.0954738997643,-900.2404622770706,338.43108349630273
2026-10-27,0.1232876712328767,24300.0,call,111.45,345930,23398.1,1.038545864835179,0.11081940698214046,0.21793478313947962,0.0003232882479265084,2418.168581463643,-1360.022853228373,614.9354619400741
2026-10-27,0.1232876712328767,24150.0,call,148.15,24440,23398.1,1.032135087891752,0.11170177324341143,0.2692937695263551,0.0003596046425127495,2711.2289438795956,-1565.144461908416,758.5659306651008
2026-10-13,0.08493150684931507,24000.0,call,124.6,2795,23398.1,1.025724310948325,0.11280593284432726,0.26935756042692116,0.0004291543140360638,2250.999708339983,-1833.4236857085189,524.6945456767463
2026-10-13,0.08493150684931507,23850.0,call,170.6,3575,23398.1,1.019313534004898,0.11385509699208123,0.33726728733860817,0.00047024494924713845,2489.46848122591,-2091.569688646543,655.7403726670663
2026-10-13,0.08493150684931507,23600.0,call,281.0,6240,23398.1,1.0086289057658528,0.1192900576374431,0.46160850791018904,0.00048780460005759296,2705.7031966962554,-2475.916787226256,893.4592057410381
2026-10-06,0.06575342465753424,25800.0,call,5.5,36335,23398.1,1.1026536342694493,0.1684643053680221,0.015500432474380738,3.853490864563049e-05,233.6908951143341,-318.95513739380175,23.485852278664748
2026-10-06,0.06575342465753424,23650.0,call,200.95,9425,23398.1,1.0107658314136618,0.11506977009626355,0.4104885978339765,0.0005629531773047741,2331.9169692913,-2555.644201228192,618.3257248082269
2026-10-06,0.06575342465753424,23800.0,call,145.75,52390,23398.1,1.0171766083570888,0.11432855037149076,0.3286996592945686,0.0005269053948346433,2168.5373410249863,-2298.7969363033453,496.1225724602439
2026-10-06,0.06575342465753424,24400.0,call,33.8,45305,23398.1,1.042819716130797,0.11664761240716004,0.10270786974140228,0.00025564236159363225,1073.4658615188612,-1082.149979910444,155.7941264802615
2026-10-27,0.1232876712328767,25750.0,call,14.35,31915,23398.1,1.1005167086216403,0.13631322957250427,0.033172661333100636,6.600700051765597e-05,607.3077736584013,-377.4924503199312,93.9239073021628
2026-10-27,0.1232876712328767,24750.0,call,49.2,33670,23398.1,1.0577781956654602,0.11338967569392193,0.11097906321356889,0.00020306402115133132,1554.1299502705047,-854.2997492950918,314.07524765738555
2026-10-27,0.1232876712328767,23600.0,call,363.25,255775,23398.1,1.0086289057658528,0.11722499700153721,0.4900530885883474,0.0004136136685831689,3272.622767751539,-2162.881600688684,1368.8705638972672
2026-10-27,0.1232876712328767,23200.0,call,610.2,40885,23398.1,0.9915335005833807,0.12583556068772817,0.6427689754691621,0.00036018407552065493,3059.2060623464945,-2348.7276374761095,1778.9637654252567
2026-10-13,0.08493150684931507,24500.0,call,43.05,16055,23398.1,1.047093567426415,0.11591601845220732,0.11360643889390015,0.0002433864145726612,1311.806574552937,-1038.5897394230076,222.10649144843563
2026-09-15,0.00821917808219178,25300.0,call,0.4,842660,23398.1,1.0812843777913592,0.29893987624595775,0.0021630302820152838,1.0734891790803595e-05,14.440129805135152,-265.3587064901247,0.41269150041036406
2026-09-15,0.00821917808219178,23550.0,call,52.45,4880720,23398.1,1.0064919801180439,0.1281878650795146,0.3042637421016177,0.0012867241856192434,742.2017166584473,-6175.905979996536,58.082823059901465
2026-09-15,0.00821917808219178,23650.0,call,25.35,4973735,23398.1,1.0107658314136618,0.12291621921497549,0.18013273428665746,0.0010068101418080413,556.8604201254753,-4394.034215251215,34.433537153415394
2026-09-15,0.00821917808219178,23750.0,call,11.45,5403190,23398.1,1.0150396827092798,0.12145302204734329,0.09523204616014169,0.0006572066227096913,359.1698162970577,-2775.4969007637037,18.22026513303313
2026-09-15,0.00821917808219178,23800.0,call,8.05,11593985,23398.1,1.0171766083570888,0.12336753611551789,0.06987154095834176,0.000512335568453972,284.4100733466722,-2223.8514630110644,13.371051801129736
2026-09-15,0.00821917808219178,24400.0,call,1.2,5027425,23398.1,1.042819716130797,0.192174373654597,0.008847530389234082,5.873886100150703e-05,50.79378436778729,-605.1180551915281,1.6916334246919458
2026-09-15,0.00821917808219178,24700.0,call,0.8,2449720,23398.1,1.0556412700176512,0.2301976322628584,0.0051955578606060005,3.064041927928493e-05,31.73840750052742,-451.08893771832584,0.992598797283828
2026-09-22,0.0273972602739726,23600.0,call,114.75,1547000,23398.1,1.0086289057658528,0.12012955173436607,0.36442986967275814,0.0008073361385227634,1454.6970919388482,-3650.750409502394,230.4716861104849
2026-09-22,0.0273972602739726,23850.0,call,42.4,523900,23398.1,1.019313534004898,0.11438917125664524,0.17840405401546489,0.0005889359163956254,1010.4650001411522,-2336.2804999787854,113.20317148746804
2026-09-22,0.0273972602739726,24500.0,call,5.5,2427620,23398.1,1.047093567426415,0.13876699003026846,0.027018681969319024,0.00011604285136032973,241.53100075515627,-646.0893924655652,17.169474676389015
2026-09-22,0.0273972602739726,24950.0,call,2.45,212810,23398.1,1.066325898256696,0.1650843427545837,0.011259663751600318,4.6222988718715514e-05,114.45433042987499,-359.157537562992,7.15081475611114
2026-09-22,0.0273972602739726,25100.0,call,2.1,886600,23398.1,1.072736675200123,0.17525799545145362,0.00928510295853338,3.6800396547387056e-05,96.73834642371385,-321.2260357272529,5.894623830586078
2026-09-29,0.04657534246575343,23300.0,call,343.3,883285,23398.1,0.9958073518789988,0.12798085803779838,0.6017758637041088,0.0005967253140808833,1947.3172979514663,-3427.551031857097,639.8106742955024
2026-09-29,0.04657534246575343,23600.0,call,173.35,1265745,23398.1,1.0086289057658528,0.11754910153385315,0.4107903620479096,0.000654990184435481,1963.23075204874,-2994.8249019809737,439.59505584176856
2026-09-29,0.04657534246575343,24050.0,call,47.2,246610,23398.1,1.027861236596134,0.11386678687067539,0.15816213960626624,0.000419904713329009,1219.172218337993,-1690.7782765412303,170.16271369348223
2026-09-29,0.04657534246575343,24450.0,call,17.2,293085,23398.1,1.044956641778606,0.12466247864023744,0.0634909619672705,0.00019775656102807965,628.6137859663221,-921.8547516321512,68.38973468195239
2026-09-29,0.04657534246575343,26300.0,call,1.85,132600,23398.1,1.1240228907475394,0.20713384025062215,0.005607843968084679,1.530887388685981e-05,80.85586821704295,-186.8910188702588,6.025120262692245
2026-10-06,0.06575342465753424,24050.0,call,79.7,11960,23398.1,1.027861236596134,0.11337740975500772,0.2098989953903066,0.00042343724777965,1728.2045799874725,-1754.8931221041637,317.69015775030397
2026-10-13,0.08493150684931507,24300.0,call,64.65,4290,23398.1,1.038545864835179,0.11315646823464696,0.161253207936819,0.0003168498428919417,1667.1047736498392,-1313.8774424069231,314.957360612853
2026-10-27,0.1232876712328767,23500.0,call,417.55,709345,23398.1,1.0043550544702349,0.11882302150155129,0.5309198984480047,0.0004068839251060673,3263.262113902469,-2228.6420457251347,1480.064422018304
2026-10-27,0.1232876712328767,24250.0,call,122.65,24440,23398.1,1.0364089391873699,0.11104060943785195,0.23429976297487154,0.0003361137611762077,2519.1206342978385,-1427.986069825297,660.7626262332831
2026-09-15,0.00821917808219178,24050.0,call,2.8,2623140,23398.1,1.027861236596134,0.14973794470043617,0.023614524398534523,0.00017539752900446408,118.18025268595011,-1106.7182353478897,4.518369666726784
2026-09-15,0.00821917808219178,24600.0,call,0.95,3080610,23398.1,1.051367418722033,0.21889978135003774,0.006361647417949209,3.856498832928965e-05,37.98639743885414,-513.9672162367306,1.21562025265511
2026-09-15,0.00821917808219178,24650.0,call,0.85,1087580,23398.1,1.053504344369842,0.22397258051224836,0.00562982998872303,3.3821356080309736e-05,34.08595343401998,-471.6108224625362,1.075704058756024
2026-09-15,0.00821917808219178,24900.0,call,0.65,991640,23398.1,1.0641889726088871,0.255048045368913,0.003912961211805114,2.1470022604137847e-05,24.64019139801934,-387.2963083484416,0.7471714014220604
2026-09-15,0.00821917808219178,26000.0,call,0.4,1546025,23398.1,1.1112013368606852,0.39259482662688233,0.0016839520714864889,6.510864185755621e-06,11.501984669755284,-276.84126737869013,0.3205584573231848
2026-10-27,0.1232876712328767,25800.0,call,13.25,26455,23398.1,1.1026536342694493,0.13686467405155922,0.030821566499950142,6.186917398713697e-05,571.5398547251457,-356.04310563680946,87.27732730253318
2026-10-27,0.1232876712328767,25600.0,call,16.2,61165,23398.1,1.0941059316782134,0.13177452458610595,0.037976032833345656,7.62856572464608e-05,678.5083320760901,-410.42586634739587,107.55209862909803
2026-10-27,0.1232876712328767,25500.0,call,17.75,795210,23398.1,1.0898320803825952,0.12888954307032477,0.04191045241802093,8.449882999587455e-05,735.1047253547656,-437.03361076169944,118.71061098569729
2026-10-27,0.1232876712328767,25300.0,call,22.35,48555,23398.1,1.0812843777913592,0.12402534457512236,0.05286629120191927,0.00010577952519872327,885.5088182635633,-511.98421332606256,149.7477795100449
2026-10-27,0.1232876712328767,25100.0,call,29.45,141830,23398.1,1.072736675200123,0.12003332938683206,0.06882393761195839,0.00013435066978085652,1088.4851867079578,-616.5315527487699,194.90540228135845
2026-10-06,0.06575342465753424,25500.0,call,6.4,20670,23398.1,1.0898320803825952,0.15381144291495522,0.019229507683800467,5.073978387723212e-05,280.94209853686823,-352.92244994974925,29.16387574878402
2026-10-06,0.06575342465753424,25000.0,call,12.0,40040,23398.1,1.068462823904505,0.13568176190998166,0.03735053185033149,0.00010009480978979644,488.8916230782792,-551.6985669085632,56.67494813134843
2026-10-06,0.06575342465753424,24300.0,call,43.25,29705,23398.1,1.038545864835179,0.11544725925015799,0.1269264723687466,0.00030031689868563255,1248.081541638585,-1256.1959301942304,192.43320283398154
2026-09-29,0.04657534246575343,25700.0,call,3.95,218790,23398.1,1.0983797829738313,0.18642055955256692,0.012263662096678651,3.380860378905e-05,160.70829201030915,-337.14751769129253,13.180653878719015
2026-09-29,0.04657534246575343,25000.0,call,7.65,5656560,23398.1,1.068462823904505,0.15129113540098194,0.026581828376927696,8.052703186231663e-05,310.6507570764423,-538.255718217113,28.611900418844016
2026-09-29,0.04657534246575343,24750.0,call,10.45,297960,23398.1,1.0577781956654602,0.13857843628074779,0.03771990386096839,0.0001173879486540895,414.7977694127634,-664.9487841481298,40.61947871316988
2026-09-29,0.04657534246575343,24650.0,call,12.05,164125,23398.1,1.053504344369842,0.13355867458615708,0.044074813399422895,0.00013820055721917336,470.6511639494187,-730.752139807452,47.47037585787591
2026-09-22,0.0273972602739726,23500.0,call,159.9,2776345,23398.1,1.0043550544702349,0.12368265586892098,0.4487820651848825,0.0008257841281518643,1531.9466976283384,-4025.0651811808934,283.30815456291685
2026-09-29,0.04657534246575343,24600.0,call,12.95,1628575,23398.1,1.051367418722033,0.13097912253222802,0.04770216119285351,0.00015016888180565446,501.53271343710117,-765.7508023568872,51.381453815822866
2026-09-29,0.04657534246575343,24350.0,call,21.5,454090,23398.1,1.040682790482988,0.12113916723033921,0.0786059868646531,0.00023979538528743708,740.7005162204982,-1063.0149834477024,84.66143178097617
2026-09-29,0.04657534246575343,22000.0,call,1491.05,802425,23398.1,0.9402472850359646,0.21141348432490256,0.9231168666846218,0.0001344872499022889,724.9883690092955,-2736.460096752111,936.5430763764028
2026-09-22,0.0273972602739726,25500.0,call,1.65,1149655,23398.1,1.0898320803825952,0.20420051253519292,0.0065007066446388035,2.308032423967542e-05,70.69147679783569,-271.701533482407,4.122032490431978
2026-09-22,0.0273972602739726,25200.0,call,2.0,1104220,23398.1,1.0770105264957412,0.1829822039902544,0.008546314246947807,3.27771604848946e-05,89.95980448383307,-311.2822534759654,5.4237675432328025
2026-09-22,0.0273972602739726,25050.0,call,2.05,330200,23398.1,1.070599749552314,0.17030549662600342,0.009321444321759052,3.800021377674911e-05,97.06955215650034,-313.56195356837446,5.919290069305491
2026-09-22,0.0273972602739726,24450.0,call,6.0,245050,23398.1,1.044956641778606,0.13540935473521395,0.029801309016791323,0.0001290268233457217,262.05774199603854,-685.5636935020332,18.939561940322275
2026-09-22,0.0273972602739726,23700.0,call,78.65,1775345,23398.1,1.0129027570614708,0.11685865628719179,0.2824926587365386,0.0007468715119925454,1309.106875103567,-3150.31984963257,178.93537632433188
2026-09-15,0.00821917808219178,25200.0,call,0.4,1467895,23398.1,1.0770105264957412,0.28513881227441007,0.0022589665710773476,1.1705937947305365e-05,15.01938429728757,-263.40645906003283,0.4311413075226974
2026-09-15,0.00821917808219178,24300.0,call,1.3,3700385,23398.1,1.038545864835179,0.17722823465406032,0.010230536472784884,7.23163286581607e-05,57.67118260828257,-634.8563127157171,1.9567817815071324
2026-09-15,0.00821917808219178,23700.0,call,16.9,10039900,23398.1,1.0129027570614708,0.12126802353316897,0.13145617799847686,0.0008286955416964164,452.2003326665953,-3504.0161685692005,25.141847973364687
2026-09-29,0.04657534246575343,24150.0,call,35.05,293995,23398.1,1.032135087891752,0.11501245829523173,0.12323566369618175,0.00035089320378169493,1029.051441577418,-1426.8753369760252,132.6666205346064
2026-09-29,0.04657534246575343,24500.0,call,15.8,5903040,23398.1,1.047093567426415,0.12708270277161834,0.058089206360054955,0.0001809593104061993,586.3873837061877,-873.718573019319,62.568251244375176
2026-09-29,0.04657534246575343,25800.0,call,3.7,310700,23398.1,1.1026536342694493,0.19160786260335286,0.011283097585874811,3.059849214446829e-05,149.4963516912025,-321.7886937170266,12.123703489571618
2026-10-06,0.06575342465753424,23450.0,call,309.8,8970,23398.1,1.002218128822426,0.12264179874379529,0.5236836487210677,0.0005408259641014621,2387.6771730063624,-2880.509829243952,785.3196087661108
2026-10-06,0.06575342465753424,23700.0,call,184.95,38740,23398.1,1.0129027570614708,0.11646609161798895,0.3844126609488713,0.0005465268608406546,2291.345483522425,-2511.9559099557905,579.2597840208067
2026-10-27,0.1232876712328767,23400.0,call,480.85,99645,23398.1,1.000081203174617,0.12198953748597124,0.5698679257685549,0.00039133152550246156,3222.1685576158466,-2296.225897079167,1584.613567609866
2026-10-27,0.1232876712328767,23700.0,call,312.95,220675,23398.1,1.0129027570614708,0.11559992268274674,0.4483251257623834,0.0004160938548845268,3246.606698463585,-2078.686185949158,1254.6993853503154
2026-10-27,0.1232876712328767,24800.0,call,45.4,360295,23398.1,1.0599151213132691,0.11415614650815878,0.10325694997971845,0.0001914794498179615,1475.3746120494907,-812.9790635352833,292.26778042596334
2026-10-27,0.1232876712328767,25000.0,call,34.5,1759290,23398.1,1.068462823904505,0.118521590733999,0.07954097739959694,0.000151968591736549,1215.7160364819758,-684.4777421122837,225.1982149117577
2026-10-27,0.1232876712328767,25400.0,call,20.3,117065,23398.1,1.0855582290869772,0.12696843894266968,0.04769334636094521,9.518615901487087e-05,815.737480571929,-480.1025614591151,135.07812559105307
2026-09-29,0.04657534246575343,23750.0,call,115.35,305110,23398.1,1.0150396827092798,0.11473186695664601,0.3129678918451505,0.0006113012431365158,1788.3667307407495,-2597.9553584568216,335.69196866415905
2026-10-06,0.06575342465753424,23550.0,call,257.3,10660,23398.1,1.0064919801180439,0.12085712147557312,0.4691563889437389,0.0005481985173054977,2385.007041180574,-2778.894439738887,704.8812121895637
2026-10-06,0.06575342465753424,23400.0,call,339.7,13065,23398.1,1.000081203174617,0.12422715875081977,0.550131142048462,0.0005306045002470039,2372.8322929729275,-2927.362626349074,824.0431873876128
2026-09-22,0.0273972602739726,23200.0,call,352.6,412945,23398.1,0.9915335005833807,0.14084538866970323,0.67021221871058,0.0006634100181445805,1401.4996032286813,-4442.028370618814,419.97512860334155
2026-09-22,0.0273972602739726,24050.0,call,18.2,263770,23398.1,1.027861236596134,0.11552337882460884,0.088681854427137,0.00035897124470857884,622.010712911534,-1424.3275005511034,56.35032613490554
2026-09-22,0.0273972602739726,24300.0,call,8.0,1323985,23398.1,1.038545864835179,0.12538551624172628,0.040971495458015816,0.00018093902779577666,340.2890277021504,-830.8845411539888,26.04534727223075
2026-09-29,0.04657534246575343,22500.0,call,1015.5,570505,23398.1,0.9616165415140546,0.1763155853425164,0.8671594417756472,0.00024055882036338284,1081.506742006533,-3097.011671174253,897.7109956922015
2026-09-29,0.04657534246575343,23950.0,call,63.75,271050,23398.1,1.023587385300516,0.11334174333672567,0.20144225585454362,0.0004911821338654185,1419.5467255975602,-1982.3347275364727,216.5574597092775
2026-09-29,0.04657534246575343,24200.0,call,31.15,3489395,23398.1,1.0342720135395609,0.11671054517592216,0.1105052322879104,0.0003200673223831919,952.5080983715274,-1333.6023165127456,118.97496534366557
2026-10-27,0.1232876712328767,25700.0,call,14.85,69225,23398.1,1.0983797829738313,0.134675880764682,0.034541282971328885,6.906863452564298e-05,627.8436836678185,-386.4048982343607,97.81032245500806
2026-10-27,0.1232876712328767,24900.0,call,38.8,133770,23398.1,1.0641889726088871,0.11579209322064163,0.0895141234820635,0.00016996390793572554,1328.3620137730506,-736.4738077749822,253.43758596073928
2026-10-27,0.1232876712328767,24450.0,call,84.0,38935,23398.1,1.044956641778606,0.11087679302360691,0.1744418027738916,0.00028228249808967814,2112.542442246991,-1168.9689546300992,492.85557698405984
2026-10-27,0.1232876712328767,24400.0,call,92.6,285220,23398.1,1.042819716130797,0.11091995066024668,0.18839109799706993,0.0002960907598467568,2216.7430577510067,-1233.6048357708312,532.0348456958402
2026-10-27,0.1232876712328767,24000.0,call,193.1,1965405,23398.1,1.025724310948325,0.11265024542165396,0.32562038324815396,0.0003889098553327499,2957.07218190902,-1757.4538991042114,915.5093428207994
2026-09-15,0.00821917808219178,23450.0,call,98.65,4038580,23398.1,1.002218128822426,0.13950600032368143,0.4470127275963975,0.0013360991160863386,838.7279967146671,-7686.808032075647,85.15560413964091
2026-09-15,0.00821917808219178,25000.0,call,0.5,5484245,23398.1,1.068462823904505,0.26278454952222097,0.002991273047757348,1.6369845768462964e-05,19.3568190663896,-313.2562286877818,0.5711515555729134
2026-09-22,0.0273972602739726,23900.0,call,34.8,1959620,23398.1,1.021450459652707,0.11480589956915027,0.15191661022574574,0.000528790112708694,910.5752737234724,-2101.083097060548,96.43178184488649
2026-09-22,0.0273972602739726,24550.0,call,5.0,283985,23398.1,1.049230493074224,0.141851097231008,0.024363246896530185,0.00010410251124731536,221.49413277171323,-604.4280930797916,15.4809229760794
2026-09-22,0.0273972602739726,26000.0,call,0.95,1157195,23398.1,1.1112013368606852,0.231234992062924,0.003503817796745898,1.1747089814523334e-05,40.74292133610044,-176.38399867047437,2.220073566915914
2026-09-29,0.04657534246575343,23350.0,call,312.05,174850,23398.1,0.9979442775268078,0.12670478594965154,0.5721807572449736,0.0006129361051301928,1980.2748246529645,-3409.649436426198,609.0141754473624
2026-09-29,0.04657534246575343,24550.0,call,14.25,194025,23398.1,1.049230493074224,0.12895425634759997,0.05250112316198494,0.00016464119951859808,541.3665839646469,-816.0844663720368,56.55068834121949
2026-09-29,0.04657534246575343,25500.0,call,4.8,3211910,23398.1,1.0898320803825952,0.17725729537694107,0.015277679641413395,4.2978729233353384e-05,194.2562189702921,-389.00072293870414,16.42566396840722
2026-09-29,0.04657534246575343,26000.0,call,3.1,3769430,23398.1,1.1112013368606852,0.20050427313371907,0.009234297367612726,2.4551984400113076e-05,125.52420359477361,-281.86945162178864,9.918917823896507
2026-10-06,0.06575342465753424,24000.0,call,90.75,170495,23398.1,1.025724310948325,0.11364778755213295,0.23166018686923204,0.0004469796153418765,1828.6402117954583,-1872.5285711811405,350.44328013134003
2026-10-13,0.08493150684931507,23800.0,call,189.2,12090,23398.1,1.0171766083570888,0.11457708179941899,0.3615692880118013,0.00047929324259870593,2553.4601104893254,-2175.3800663725146,702.4544260232323
2026-10-27,0.1232876712328767,22500.0,call,1167.7,107055,23398.1,0.9616165415140546,0.14616962598796504,0.8203019126721728,0.00021723525227198133,2143.2275001457633,-2250.245541889631,2222.359666320781
2026-10-27,0.1232876712328767,23800.0,call,268.2,555620,23398.1,1.0171766083570888,0.11440038720071742,0.40656859676140517,0.0004123877604517559,3184.3008756288928,-1983.1574154871355,1139.7616315040868
2026-10-27,0.1232876712328767,23850.0,call,250.3,30615,23398.1,1.019313534004898,0.11472725502795578,0.38680850017653395,0.00040574768765649276,3141.980541131161,-1943.4219852891108,1084.966516593126
2026-10-27,0.1232876712328767,24650.0,call,58.45,34580,23398.1,1.053504344369842,0.11224457615937998,0.12892201372476486,0.00022799610823175836,1727.323307117158,-948.4118862932812,364.6948673799212
2026-10-27,0.1232876712328767,26500.0,call,7.95,319345,23398.1,1.1325705933387755,0.15682674271121627,0.017404047592931494,3.337912731311894e-05,353.32627521909643,-246.60286278723603,49.22526658523418
2026-09-15,0.00821917808219178,23350.0,call,161.9,2123680,23398.1,0.9979442775268078,0.15439586780598474,0.5738516440851461,0.0011970340237501815,831.6330557165134,-8539.006629565936,109.02853297952475
2026-09-15,0.00821917808219178,23950.0,call,4.05,3030365,23398.1,1.023587385300516,0.13864823812290258,0.034953612847696464,0.00026243574983000987,163.72949662158558,-1425.6841076368698,6.688751478422197
2026-09-15,0.00821917808219178,25800.0,call,0.35,818480,23398.1,1.1026536342694493,0.3620126335925137,0.0016028680191778227,6.750506634679766e-06,10.99637827410957,-244.2070017279948,0.30537588637775687
