expiry,T,strike,option_type,mid_price,bid,ask,volume,open_interest,yahoo_iv,moneyness,iv,delta,gamma,vega,theta,rho
2026-09-14,0.005479452054794521,745.0,call,19.515,19.44,19.59,122.0,556,0.178719150390625,0.9747609172147831,0.1679619003230519,0.9812147581646611,0.004831134809294916,2.597247857952513,-68.38802180370423,4.002288254661248
2026-09-14,0.005479452054794521,750.0,call,14.56,14.49,14.63,828.0,1133,0.14527221923828126,0.9813029367934057,0.14203022008503538,0.9656862279871795,0.00946108690539803,4.30105753954995,-84.05353782184753,3.964407151185477
2026-09-14,0.005479452054794521,755.0,call,9.705,9.64,9.77,552.0,1101,0.1157314990234375,0.9878449563720285,0.12073932340841237,0.9187620459138355,0.022017795271759562,8.508951101197038,-120.84441069919629,3.7944965761892826
2026-09-14,0.005479452054794521,760.0,call,5.165,5.13,5.2,4110.0,2780,0.09021905883789064,0.9943869759506512,0.10128211863268788,0.7832261361247098,0.0512358560904027,16.609640603898118,-176.72776489965963,3.2517637618263553
2026-09-14,0.005479452054794521,765.0,call,1.64,1.63,1.65,85046.0,6907,0.0717866259765625,1.000928995529274,0.08417544159010727,0.45561053578690586,0.0832527095246103,22.430411501780746,-185.84981330350828,1.899060637760369
2026-09-14,0.005479452054794521,770.0,call,0.225,0.22,0.23,29884.0,4915,0.06556110229492187,1.0074710151078965,0.07818276836025012,0.10634883944871126,0.041490566971894786,10.382785324587912,-77.24436976874134,0.4441443954257515
2026-09-15,0.00821917808219178,755.0,call,10.135,10.01,10.26,3770.0,515,0.12659564819335936,0.9878449563720285,0.12636103572566182,0.8646250308594219,0.02484489579743483,15.07283956160743,-141.32583100023817,5.3481307877984845
2026-09-15,0.00821917808219178,760.0,call,5.8149999999999995,5.71,5.92,710.0,1174,0.10511148803710937,0.9943869759506512,0.10964950860128894,0.7269318715967032,0.04376506939944748,23.039817308102965,-175.1961015741516,4.518671869889316
2026-09-15,0.00821917808219178,765.0,call,2.4000000000000004,2.39,2.41,10295.0,2476,0.08612974426269533,1.000928995529274,0.09495037225015306,0.4736076042013663,0.060504723004293805,27.58231212175869,-173.38962057716407,2.9553990347615864
2026-09-15,0.00821917808219178,770.0,call,0.585,0.58,0.59,7420.0,4789,0.07679145874023438,1.0074710151078965,0.08594655538942048,0.18138910584224832,0.044274778891748724,18.269623452230437,-100.92303420065548,1.1346482874493913
2026-09-15,0.00821917808219178,775.0,call,0.08499999999999999,0.08,0.09,3553.0,3199,0.07471628417968751,1.0140130346865193,0.08367120353376267,0.036863431037017017,0.013906488975296899,5.5864797862089235,-29.534308470168618,0.23087137719230383
2026-09-16,0.010958904109589041,760.0,call,6.880000000000001,6.82,6.94,770.0,1121,0.1256190954589844,0.9943869759506512,0.1311084878310983,0.6730027531288253,0.034396354156756286,28.86866340174123,-192.5453407090183,5.561526130444684
2026-09-16,0.010958904109589041,765.0,call,3.585,3.57,3.6,3573.0,1822,0.11048252807617187,1.000928995529274,0.11817422237410996,0.4863546006989655,0.04216881943390042,31.90051191000136,-186.4029192023433,4.034311751255357
2026-09-16,0.010958904109589041,770.0,call,1.415,1.41,1.42,3515.0,2774,0.09974044799804688,1.0074710151078965,0.10801300808418403,0.2693797310407195,0.03821593921345279,26.424334296225712,-138.2224710623944,2.24075867086974
2026-09-16,0.010958904109589041,775.0,call,0.405,0.4,0.41,4499.0,1801,0.09363699340820314,1.0140130346865193,0.10204115248284552,0.10433591714894747,0.022170033551720057,14.481887248548214,-70.52676566254205,0.8694563925973265
2026-09-17,0.0136986301369863,755.0,call,11.530000000000001,11.35,11.71,1170.0,782,0.15302360656738284,0.9878449563720285,0.150605601988468,0.7682255388789745,0.022635829734565783,27.2791613395607,-172.48029657769416,7.88516541453436
2026-09-17,0.0136986301369863,760.0,call,7.609999999999999,7.51,7.71,472.0,1508,0.1356897955322266,0.9943869759506512,0.13795333110421212,0.6516902682818403,0.029962085101761786,33.07483561602958,-185.73371184132642,6.718771807557947
2026-09-17,0.0136986301369863,765.0,call,4.3149999999999995,4.3,4.33,1753.0,1560,0.11957667541503905,1.000928995529274,0.12504910268663547,0.49222023662072084,0.03565744018792005,35.67994790504567,-177.40553071073083,5.094301285582293
2026-09-17,0.0136986301369863,770.0,call,1.995,1.99,2.0,3512.0,1768,0.10852942260742188,1.0074710151078965,0.11483669985949485,0.30601218643064976,0.0341487020760695,31.37967017901389,-140.6028688756148,3.1765348968731097
2026-09-17,0.0136986301369863,775.0,call,0.715,0.71,0.72,3708.0,2568,0.1010832080078125,1.0140130346865193,0.10756030722196852,0.14536571390504044,0.02372874535785637,20.42303489099819,-84.49926474409786,1.5121446287034115
2026-09-17,0.0136986301369863,780.0,call,0.215,0.21,0.22,873.0,2416,0.09839768798828125,1.020555054265142,0.10507110901434531,0.05427115956409861,0.011711348859582901,9.846541229428752,-39.37708234504941,0.5652589534614405
2026-09-18,0.01643835616438356,675.0,call,89.725,87.8,91.65,1.0,5476,0.6423375610351563,0.8831726431140652,0.2706488315136469,0.9998504543326362,2.1771216302598996e-05,0.05658008097000127,-26.857036437531296,11.08686052228936
2026-09-18,0.01643835616438356,695.0,call,69.745,67.84,71.65,27.0,8591,0.5240526110839843,0.909340721428556,0.24685000526963202,0.9988128847150654,0.00016289927326564285,0.38612418371566876,-30.04120025585851,11.402263195501382
2026-09-18,0.01643835616438356,700.0,call,64.775,62.85,66.7,524.0,8622,0.49707534179687507,0.9158827410071787,0.2642948749068811,0.9957176186788469,0.0004862294580262942,1.2339703484113331,-37.163799599709826,11.445073922337354
2026-09-18,0.01643835616438356,705.0,call,59.769999999999996,57.86,61.68,11.0,8448,0.46594772338867196,0.9224247605858015,0.2382701915056245,0.9963144419665645,0.0004715039636694315,1.0787722776092903,-35.275922747711,11.534846185666913
2026-09-18,0.01643835616438356,710.0,call,54.790000000000006,52.88,56.7,32.0,6302,0.4368952795410156,0.9289667801644241,0.23164023898056127,0.99408993296052,0.0007391036697766619,1.6439707209162375,-39.1689483494718,11.588761202141251
2026-09-18,0.01643835616438356,715.0,call,49.834999999999994,47.91,51.76,23.0,12716,0.4093686993408203,0.9355087997430468,0.23045754088115603,0.9890683629368052,0.0012754645702358152,2.822500569688188,-47.414719152803784,11.607123901284453
2026-09-18,0.01643835616438356,720.0,call,44.864999999999995,42.94,46.79,8.0,16955,0.379889013671875,0.9420508193216696,0.21752187217262198,0.9852783642373828,0.0017482947157646787,3.6516764688440007,-51.87137661174832,11.64120623590126
2026-09-18,0.01643835616438356,725.0,call,39.915000000000006,37.99,41.84,65.0,17437,0.3508365698242187,0.9485928389002922,0.20635946485412432,0.9789358397939216,0.002501907346860463,4.957586847240049,-58.83245263231835,11.64289071239904
2026-09-18,0.01643835616438356,730.0,call,34.989999999999995,33.07,36.91,156.0,29971,0.3218451605224609,0.955134858478915,0.19541692325943938,0.9692783674705753,0.003623940866893686,6.800142119471132,-68.03830562505091,11.602516302988962
2026-09-18,0.01643835616438356,735.0,call,30.05,28.17,31.93,65.0,12738,0.2899851275634765,0.9616768780575377,0.17850045070626483,0.9596819806297169,0.00495840930506673,8.49877646322702,-73.66819448811373,11.563155943342679
2026-09-18,0.01643835616438356,740.0,call,25.22,23.34,27.1,465.0,12636,0.26270268554687504,0.9682188976361604,0.16886710230918525,0.9372709571449334,0.007453398184524567,12.085763456073332,-89.12079795643655,11.360988482403577
2026-09-18,0.01643835616438356,750.0,call,15.344999999999999,14.69,16.0,545.0,34756,0.15546498840332032,0.9813029367934057,0.12035470208682532,0.8984078456418558,0.015053072824124051,17.396542421334427,-89.9530036072677,11.03505390583631
2026-09-18,0.01643835616438356,755.0,call,11.585,11.35,11.82,975.0,18107,0.1448449774169922,0.9878449563720285,0.1372550029612677,0.7704405346897361,0.022552192285614853,29.722933157912255,-146.67646879195792,9.489123064079061
2026-09-18,0.01643835616438356,758.0,call,9.17,8.98,9.36,1354.0,2144,0.13477427734375003,0.9917701681192022,0.13047735683799674,0.7056796918589374,0.026957401286158186,33.77441920169548,-154.78577971660778,8.715187676124096
2026-09-18,0.01643835616438356,760.0,call,7.705,7.57,7.84,7191.0,24775,0.12885392639160154,0.9943869759506512,0.12710389429332486,0.6528498119444303,0.029649765421302744,36.187187796915154,-159.12551239497787,8.075532652879586
2026-09-18,0.01643835616438356,762.0,call,6.305,6.27,6.34,1493.0,4347,0.1212856427001953,0.9970037837821003,0.12267988388088269,0.5946543688668295,0.03224706243087362,37.987282823614535,-159.28746040187343,7.367397798652409
2026-09-18,0.01643835616438356,763.0,call,5.655,5.62,5.69,1372.0,3081,0.11893581268310546,0.9983121876978248,0.12065598638500387,0.5629736575559785,0.033320976538956444,38.60480035064624,-158.29318566827163,6.980056841368705
2026-09-18,0.01643835616438356,764.0,call,5.045,5.01,5.08,5564.0,6143,0.11683012084960936,0.9996205916135493,0.11885383588978565,0.5297864252635867,0.034158338134473804,38.98384320070582,-156.57868962241358,6.5731308377185895
2026-09-18,0.01643835616438356,765.0,call,4.46,4.43,4.49,16053.0,19272,0.11448029083251954,1.000928995529274,0.11684016206832543,0.4953895639214938,0.034841877917726645,39.090247570016,-153.56330327737132,6.1505963658910385
2026-09-18,0.01643835616438356,766.0,call,3.925,3.9,3.95,5750.0,3860,0.1124966680908203,1.0022373994449985,0.1152140024035912,0.46002758695137036,0.035158482760559225,38.89646240516735,-149.91407742346206,5.715114646495477
2026-09-18,0.01643835616438356,767.0,call,3.425,3.4,3.45,3423.0,6934,0.11066563171386719,1.003545803360723,0.11355876860219577,0.42400932551476245,0.03519869138099201,38.38149682576995,-145.11941611207507,5.270812278713955
2026-09-18,0.01643835616438356,768.0,call,2.955,2.93,2.98,1724.0,4207,0.10865149169921876,1.0048542072764475,0.11171331047244103,0.3874316458972491,0.034982722540854,37.526083694072575,-138.98278607553948,4.818988341820682
2026-09-18,0.01643835616438356,769.0,call,2.52,2.5,2.54,2242.0,4388,0.106454248046875,1.006162611192172,0.10977642021471634,0.3505749280686904,0.034453435581414824,36.31753090504804,-131.65134655620903,4.36308337987808
2026-09-18,0.01643835616438356,770.0,call,2.16,2.15,2.17,16151.0,24125,0.10511148803710937,1.0074710151078965,0.10886909576750341,0.31554770398681664,0.033323350793253395,34.83597709364281,-124.70953318914844,3.928930648594615
2026-09-18,0.01643835616438356,771.0,call,1.81,1.79,1.83,1785.0,3772,0.10358562438964843,1.0087794190236212,0.10718416588542377,0.2801505361180048,0.0320582180614303,32.994741242505405,-115.87650556685836,3.4899656663133167
2026-09-18,0.01643835616438356,772.0,call,1.5150000000000001,1.5,1.53,2471.0,3382,0.10218182983398436,1.0100878229393457,0.10605312764036869,0.2469631740238542,0.03037963980532788,30.93718660283422,-107.12320283911679,3.07785991922454
2026-09-18,0.01643835616438356,773.0,call,1.255,1.24,1.27,3605.0,4376,0.10102217346191406,1.0113962268550702,0.104940047709428,0.21543929783588234,0.028447988145673012,28.666028688858955,-97.89381858028443,2.6860783061814044
2026-09-18,0.01643835616438356,774.0,call,1.03,1.02,1.04,2770.0,4637,0.09974044799804688,1.0127046307707948,0.10390970179509565,0.18601610121193773,0.02630446508405285,26.24582861824672,-88.47503632132089,2.3201135620979776
2026-09-18,0.01643835616438356,775.0,call,0.84,0.83,0.85,22391.0,47090,0.09882492980957032,1.0140130346865193,0.10306771632988797,0.1591927056059098,0.024011279663582814,23.76362416364853,-79.22645439801879,1.9862365392255772
2026-09-18,0.01643835616438356,776.0,call,0.675,0.66,0.69,2755.0,3969,0.09803148071289064,1.0153214386022438,0.1021125191873624,0.13442126086996625,0.021634660919173238,21.213083384640314,-69.87987133892865,1.6777285951954835
2026-09-18,0.01643835616438356,777.0,call,0.54,0.53,0.55,2243.0,5265,0.09705492797851564,1.0166298425179683,0.10139141680561019,0.11261162420387111,0.019246266589301758,18.737964181291932,-61.13438228596482,1.405938671290167
2026-09-18,0.01643835616438356,778.0,call,0.43,0.42,0.44,2405.0,3801,0.09656665161132813,1.017938246433693,0.10085319017596664,0.09362393955965953,0.016919350875300047,16.38506063283538,-53.04625890873469,1.1691918695887633
2026-09-18,0.01643835616438356,779.0,call,0.345,0.34,0.35,2927.0,41633,0.09607837524414065,1.0192466503494175,0.10075627824061767,0.07787948832452578,0.014754184420191259,14.274537315049821,-46.06236424991991,0.972781025788143
2026-09-18,0.01643835616438356,780.0,call,0.275,0.27,0.28,24779.0,32067,0.09595630615234377,1.020555054265142,0.10069100659259107,0.0642830074743069,0.01274029748473638,12.318135211187252,-39.6382951784014,0.8031100473977468
2026-09-18,0.01643835616438356,781.0,call,0.215,0.21,0.22,2501.0,3460,0.09571216796875001,1.0218634581808665,0.10038892135409366,0.05219469018062584,0.01084882854521509,10.45787265447691,-33.485632363690435,0.6522226620648799
2026-09-18,0.01643835616438356,782.0,call,0.165,0.16,0.17,2082.0,7353,0.09522389160156251,1.023171862096591,0.09992083548202636,0.041682588053399666,0.009100179454930864,8.73133655936554,-27.776921878437516,0.5209739966335436
2026-09-18,0.01643835616438356,783.0,call,0.135,0.13,0.14,1348.0,3221,0.09595630615234377,1.0244802660123156,0.1007875173817961,0.0347326078441662,0.0077746867525554176,7.524269860622127,-24.100008593753483,0.4341498769157599
2026-09-18,0.01643835616438356,784.0,call,0.10500000000000001,0.1,0.11,1155.0,4359,0.09620044433593751,1.02578866992804,0.10082647591664365,0.02784795440109807,0.006473575896765065,6.267488527025762,-20.049897956624903,0.34814650612532766
2026-09-18,0.01643835616438356,785.0,call,0.08499999999999999,0.08,0.09,6761.0,20868,0.09693285888671876,1.0270970738437648,0.101613014961971,0.022948520318487816,0.005462122551955989,5.329488054372062,-17.154992106547407,0.2869203995367696
2026-09-18,0.01643835616438356,786.0,call,0.07500000000000001,0.07,0.08,1362.0,2363,0.09888596435546876,1.0284054777594893,0.10375996311027948,0.020159998570169084,0.0047943087210573585,4.77672809214651,-15.675491355294652,0.2520507121479959
2026-09-25,0.03561643835616438,755.0,call,12.825,12.52,13.13,515.0,511,0.12799944274902342,0.9878449563720285,0.11130745364381148,0.7450624237391321,0.019998172021958596,46.31070206382207,-94.14491925514157,19.8247771640955
2026-09-25,0.03561643835616438,758.0,call,10.780000000000001,10.67,10.89,140.0,407,0.12305564453125001,0.9917701681192022,0.11268595578085966,0.6789464801338804,0.02203198873812066,51.65237686294409,-101.5940349855139,18.097851712444783
2026-09-25,0.03561643835616438,760.0,call,9.364999999999998,9.28,9.45,395.0,794,0.11921046813964843,0.9943869759506512,0.1104768674015679,0.6357956252228398,0.023570684072608334,54.17642652201836,-102.6716640588395,16.973627170068525
2026-09-25,0.03561643835616438,761.0,call,8.7,8.61,8.79,155.0,551,0.11783719085693359,0.9956953798663757,0.10957314559235715,0.6126942975073013,0.02422799469363733,55.23170076330032,-102.94273618297146,16.368464233758893
2026-09-25,0.03561643835616438,762.0,call,8.0,7.97,8.03,183.0,814,0.11441925628662111,0.9970037837821003,0.10764168029239429,0.5895840433611044,0.025044276760962537,56.086169538988194,-102.07258803491209,15.764305075162756
2026-09-25,0.03561643835616438,763.0,call,7.37,7.34,7.4,291.0,521,0.11286287536621094,0.9983121876978248,0.10655373578160127,0.5648838012207678,0.025613141260414248,56.780386301503896,-101.54037446902512,15.114370866857715
2026-09-25,0.03561643835616438,764.0,call,6.77,6.74,6.8,355.0,425,0.11142856353759764,0.9996205916135493,0.10556381172088948,0.5394167158199394,0.02607263144637019,57.26203084279869,-100.72691347329906,14.442493426520038
2026-09-25,0.03561643835616438,765.0,call,6.195,6.17,6.22,2328.0,1862,0.10993321716308593,1.000928995529274,0.10456728843949681,0.5133364001703236,0.026435531886225192,57.51097319213255,-99.5338007828439,13.753033583903264
2026-09-25,0.03561643835616438,766.0,call,5.645,5.62,5.67,835.0,1969,0.10852942260742188,1.0022373994449985,0.10355141259649904,0.4867277500500214,0.026695017027390678,57.51128182691432,-97.9398116988711,13.048300928799643
2026-09-25,0.03561643835616438,767.0,call,5.125,5.1,5.15,643.0,2056,0.10718666259765625,1.003545803360723,0.10259093636721124,0.4597149439064472,0.02682229143153168,57.24949869419588,-95.99981164739174,12.331498128693136
2026-09-25,0.03561643835616438,768.0,call,4.625,4.6,4.65,679.0,2186,0.10578286804199218,1.0048542072764475,0.10150033789885075,0.4323224382192002,0.026856491436616396,56.71312531590731,-93.55936666997145,11.603647120280014
2026-09-25,0.03561643835616438,769.0,call,4.165,4.14,4.19,751.0,679,0.10459269439697264,1.006162611192172,0.10062379740549832,0.40491801381121945,0.02670248810132976,55.90095800254578,-90.91265007926138,10.874046749759854
2026-09-25,0.03561643835616438,770.0,call,3.725,3.7,3.75,3971.0,4460,0.10328045166015623,1.0074710151078965,0.09960094900448743,0.37735361967379405,0.026446349391613038,54.80195164439504,-87.76613514355745,10.139379906194536
2026-09-25,0.03561643835616438,771.0,call,3.32,3.3,3.34,342.0,817,0.10199872619628905,1.0087794190236212,0.0986994172185442,0.3500668314007117,0.026019682881221837,53.42978234773727,-84.37108464768578,9.411023138954919
2026-09-25,0.03561643835616438,772.0,call,2.94,2.92,2.96,636.0,2132,0.10077803527832031,1.0100878229393457,0.09773601509142671,0.3229765377157365,0.025465086908691474,51.780543920449446,-80.5902931581337,8.687124663106825
2026-09-25,0.03561643835616438,773.0,call,2.59,2.57,2.61,378.0,1007,0.09961837890625,1.0113962268550702,0.09680720174073677,0.29638373894715997,0.024763129837451724,49.87466814752164,-76.54338322410561,7.97570025811257
2026-09-25,0.03561643835616438,774.0,call,2.28,2.26,2.3,5221.0,1785,0.09873337799072265,1.0127046307707948,0.09613321539723793,0.2709420193679596,0.023886998956032718,47.775129901345366,-72.48927773667248,7.294184959916077
2026-09-25,0.03561643835616438,775.0,call,1.9849999999999999,1.97,2.0,1243.0,1878,0.09748216979980469,1.0140130346865193,0.0952135799906587,0.24576200977133073,0.0229285301950755,45.41945596626258,-67.9822645328959,6.619259521856471
2026-09-25,0.03561643835616438,776.0,call,1.73,1.72,1.74,751.0,674,0.09656665161132813,1.0153214386022438,0.09460597553801774,0.22224217555574227,0.021824624661028816,42.95682447764848,-63.63074661347589,5.988101585942518
2026-09-25,0.03561643835616438,777.0,call,1.495,1.48,1.51,726.0,756,0.09583423706054689,1.0166298425179683,0.09389570618098672,0.19954802222243495,0.020643282848093494,40.326572676502046,-59.06583960940521,5.3787073856088
2026-09-25,0.03561643835616438,778.0,call,1.2850000000000001,1.27,1.3,501.0,1070,0.09497975341796877,1.017938246433693,0.0932220078125882,0.17811703032268772,0.01938601721352239,37.59878959133287,-54.481898827382196,4.802807499840141
2026-09-25,0.03561643835616438,779.0,call,1.1,1.09,1.11,645.0,862,0.09412526977539062,1.0192466503494175,0.09262634561826587,0.15814945882235731,0.01807320488458151,34.828640264159795,-49.97545452467422,4.265853707686545
2026-09-25,0.03561643835616438,780.0,call,0.94,0.93,0.95,6424.0,4374,0.09351492431640626,1.020555054265142,0.09216848855289118,0.13986867635712985,0.016731576333606273,32.08382525291326,-45.659606868773686,3.7739261206067423
2026-09-25,0.03561643835616438,781.0,call,0.8,0.79,0.81,525.0,861,0.09296561340332031,1.0218634581808665,0.09176248631599232,0.12307476836041353,0.015384832279435651,29.371407304915603,-41.48582052749564,3.321760426144834
2026-09-25,0.03561643835616438,782.0,call,0.6799999999999999,0.67,0.69,472.0,626,0.09259940612792968,1.023171862096591,0.09147433376255333,0.10793548541890552,0.014058614194192359,26.755223636920288,-37.559341047205535,2.9139234236095946
2026-09-25,0.03561643835616438,783.0,call,0.5700000000000001,0.56,0.58,784.0,605,0.09198906066894531,1.0244802660123156,0.0909836523040573,0.09362201064546466,0.012741111395705145,24.11778929993475,-33.582559143901975,2.5282102449967048
2026-09-25,0.03561643835616438,784.0,call,0.485,0.48,0.49,433.0,893,0.09168388793945312,1.02578866992804,0.09097395279850429,0.081770930790323,0.011518356038084402,21.800897913201442,-30.269193308609033,2.2086359915031974
2026-09-25,0.03561643835616438,785.0,call,0.405,0.4,0.41,23150.0,3952,0.0913176806640625,1.0270970738437648,0.09065701043632557,0.07041695326510279,0.010315045303624865,19.45536354953668,-26.85063738839373,1.9024155675701864
2026-09-25,0.03561643835616438,786.0,call,0.345,0.34,0.35,4947.0,542,0.09137871520996094,1.0284054777594893,0.0908484068436668,0.061317599526301364,0.009246426298119614,17.476644233387173,-24.109525638110252,1.6568563538976355
2026-09-25,0.03561643835616438,787.0,call,0.295,0.29,0.3,681.0,1075,0.09156181884765624,1.0297138816752138,0.0911675160040377,0.05345472052602084,0.008270864989647714,15.687649264400532,-21.66497326550143,1.444599426698173
2026-09-25,0.03561643835616438,788.0,call,0.255,0.25,0.26,290.0,829,0.09205009521484375,1.0310222855909383,0.0917236238349484,0.04689661140085286,0.007406081603443526,14.13307016454902,-19.591112076376422,1.267503923846533
2026-09-25,0.03561643835616438,789.0,call,0.215,0.21,0.22,784.0,479,0.09217216430664063,1.0323306895066628,0.09186942848510872,0.04038983461656017,0.0065545406970406485,12.527952453498859,-17.356880775564417,1.091805699878162
2026-09-25,0.03561643835616438,790.0,call,0.185,0.18,0.19,10997.0,1202,0.09266044067382811,1.0336390934223874,0.09240154397697978,0.03525201930041784,0.0058318359669026505,11.211180520688098,-15.58990021388528,0.9530162016498273
2026-09-25,0.03561643835616438,791.0,call,0.165,0.16,0.17,166.0,1261,0.0937590625,1.0349474973381119,0.09352500384011515,0.031556617659174085,0.005259614777187196,10.234072494949531,-14.374093356570777,0.8531350460956464
2026-09-25,0.03561643835616438,792.0,call,0.14500000000000002,0.14,0.15,374.0,958,0.09449147705078126,1.0362559012538366,0.09439770731822555,0.02794020119575472,0.004710399374791165,9.250942778809332,-13.089260728639264,0.7554038496457336
2026-09-25,0.03561643835616438,793.0,call,0.125,0.12,0.13,249.0,1036,0.09510182250976565,1.037564305169561,0.09497207234656432,0.024379260520648555,0.004177412992606776,8.254107966389098,-11.729097906046412,0.659182784817442
2026-09-25,0.03561643835616438,794.0,call,0.10500000000000001,0.1,0.11,30.0,729,0.09522389160156251,1.0388727090852856,0.0951786360718927,0.02084802440442266,0.00365316307923903,7.233947528006577,-10.285109349195636,0.5637703285001745
2026-09-25,0.03561643835616438,795.0,call,0.095,0.09,0.1,1977.0,1084,0.09668872070312501,1.0401811130010101,0.09646942568791778,0.018846228613928838,0.0033083487814239768,6.63999571557627,-9.552339378264914,0.5096350486288339
2026-09-25,0.03561643835616438,796.0,call,0.08499999999999999,0.08,0.09,480.0,951,0.0976652734375,1.0414895169167346,0.0975796145898142,0.016894001526914046,0.00297942524586623,6.048649361606831,-8.787766426627579,0.4568490668828162
2026-09-25,0.03561643835616438,797.0,call,0.08499999999999999,0.08,0.09,255.0,673,0.1001066552734375,1.0427979208324591,0.10023706138274469,0.01649550452829194,0.0028418007624710613,5.92637010641987,-8.82943426493477,0.4460014994489654
2026-09-25,0.03561643835616438,798.0,call,0.07500000000000001,0.07,0.08,2004.0,541,0.1010832080078125,1.0441063247481837,0.10108940815245832,0.014636853954871985,0.0025430675703515745,5.348479937479299,-8.025045355879563,0.39576276777019415
2026-09-30,0.049315068493150684,725.0,call,40.765,39.11,42.42,33.0,1930,0.22772989074707028,0.9485928389002922,0.10963353427250826,0.98806259864874,0.0016709495016679337,5.277189749048455,-33.8204500331857,35.23075110191195
2026-09-30,0.049315068493150684,730.0,call,36.004999999999995,34.32,37.69,427.0,5865,0.21393608337402342,0.955134858478915,0.12150027687017838,0.9629724690349905,0.003923897214579898,13.733804485639059,-44.30879095676272,34.51981856037014
2026-09-30,0.049315068493150684,732.0,call,34.165,32.51,35.82,1.0,989,0.2085650433349609,0.957751666310364,0.12550793916470593,0.9486546139472288,0.004945084056870321,17.87890212716268,-49.78532237087646,34.07090380853247
2026-09-30,0.049315068493150684,735.0,call,31.39,29.73,33.05,304.0,1164,0.20081365600585935,0.9616768780575377,0.12684054666610448,0.9292046190156176,0.006291277939939288,22.987563795870567,-56.123640570423106,33.474663017263005
2026-09-30,0.049315068493150684,736.0,call,30.47,28.81,32.13,2.0,772,0.19818917053222657,0.9629852819732622,0.12684225791987386,0.9224295200658731,0.006746089141105167,24.6497211179182,-58.09501863072127,33.264672770467925
2026-09-30,0.049315068493150684,740.0,call,26.765,25.24,28.29,21.0,2428,0.18384605224609374,0.9682188976361604,0.12355646815365867,0.8963696270445369,0.008588811716504108,30.569936603922287,-64.05584720439819,32.46516121554343
2026-09-30,0.049315068493150684,742.0,call,24.85,23.47,26.23,403.0,1438,0.17371431762695314,0.9708357054676094,0.11894562761752496,0.8862444139410715,0.009540483909500332,32.689995131325155,-64.95560259014039,32.17796990856676
2026-09-30,0.049315068493150684,745.0,call,22.28,22.01,22.55,49.0,4679,0.14713377288818358,0.9747609172147831,0.11945605711438245,0.8530596816424223,0.011342537171066766,39.03142051499792,-71.91332689317316,31.05394349579466
2026-09-30,0.049315068493150684,746.0,call,21.39,20.02,22.76,1.0,787,0.165047412109375,0.9760693211305076,0.11821312933628764,0.8435865812876062,0.011947796067317403,40.68642071439006,-73.15657373000354,30.740783396735292
2026-09-30,0.049315068493150684,747.0,call,20.545,19.17,21.92,1.0,1210,0.16309430664062502,0.9773777250462322,0.11784386948006723,0.8317742183110801,0.012566997394862422,42.661339718917816,-75.0436897425171,30.33723466360435
2026-09-30,0.049315068493150684,750.0,call,18.119999999999997,18.0,18.24,295.0,5111,0.13666634826660157,0.9813029367934057,0.11750888182615785,0.7911084751033624,0.014405385457831198,48.76312699904588,-81.04723523377389,28.924090514627867
2026-09-30,0.049315068493150684,755.0,call,14.21,14.09,14.33,41.0,3271,0.12906754730224607,0.9878449563720285,0.11407424654400646,0.7162041653813827,0.017499523158607238,57.50555430777045,-87.37336816444312,26.293693267184022
2026-09-30,0.049315068493150684,756.0,call,13.399999999999999,13.18,13.62,58.0,1057,0.1280909945678711,0.989153360287753,0.11216283520736857,0.7011719415939297,0.01823172279057754,58.90778021815056,-87.43568617933843,25.767058590272473
2026-09-30,0.049315068493150684,759.0,call,11.275,11.14,11.41,67.0,1040,0.12265891998291016,0.9930785720349267,0.10998768430357782,0.6463847090177455,0.019915328341048023,63.09972981669226,-89.25586926834109,23.8068668437456
2026-09-30,0.049315068493150684,760.0,call,10.59,10.46,10.72,217.0,4362,0.12107202178955079,0.9943869759506512,0.10906784416627481,0.6270989926034602,0.020447716478168173,64.24473084289197,-89.38359657593728,23.113749465370404
2026-09-30,0.049315068493150684,761.0,call,9.955,9.86,10.05,51.0,2138,0.11956141677856444,0.9956953798663757,0.10862844286150261,0.6067599859153481,0.020858574813670854,65.27158454981448,-89.64490692858182,22.378466776583714
2026-09-30,0.049315068493150684,762.0,call,9.3,9.27,9.33,170.0,1680,0.11707425903320312,0.9970037837821003,0.10758108941759782,0.5864102835201483,0.021334185894949946,66.11621497527652,-89.2901093767487,21.643767415105273
2026-09-30,0.049315068493150684,763.0,call,8.675,8.65,8.7,127.0,973,0.11560942993164064,0.9983121876978248,0.10668609447641932,0.5653692652277336,0.021735583245918757,66.79978822087583,-88.82474987432877,20.881531895400975
2026-09-30,0.049315068493150684,764.0,call,8.065,8.04,8.09,351.0,756,0.11420563537597657,0.9996205916135493,0.10570607287029732,0.5438382354675172,0.022101893755513292,67.30160101869089,-88.07876659881615,20.100087282364782
2026-09-30,0.049315068493150684,765.0,call,7.48,7.45,7.51,2079.0,4684,0.11289339263916015,1.000928995529274,0.10478031214039647,0.5217951235309827,0.022399257943839807,67.60974363202429,-87.13807385703812,19.29810987121415
2026-09-30,0.049315068493150684,766.0,call,6.915,6.89,6.94,921.0,980,0.11145908081054687,1.0022373994449985,0.10382559548159838,0.49931828214113616,0.02263898834882601,67.71071766062752,-85.93982133055532,18.478797972590506
2026-09-30,0.049315068493150684,767.0,call,6.375,6.35,6.4,674.0,1166,0.11017735534667968,1.003545803360723,0.10290715112442975,0.4764689069928613,0.02280132977619389,67.59299676348242,-84.52425461628877,17.644212124772533
2026-09-30,0.049315068493150684,768.0,call,5.855,5.83,5.88,392.0,1270,0.10883459533691406,1.0048542072764475,0.10194332268794068,0.4532934678448165,0.02289882660940026,67.2462364839241,-82.83256445723076,16.796350089856748
2026-09-30,0.049315068493150684,769.0,call,5.365,5.34,5.39,466.0,2017,0.10761390441894532,1.006162611192172,0.1010760921094401,0.4299439603070145,0.022895372946008026,66.66411760588136,-80.96559759314965,15.940447945451321
2026-09-30,0.049315068493150684,770.0,call,4.895,4.87,4.92,2102.0,4833,0.10636269622802735,1.0074710151078965,0.10015123761281058,0.4064119905250485,0.022820806485667894,65.83900804147018,-78.81728149131034,15.076681569326858
2026-09-30,0.049315068493150684,771.0,call,4.449999999999999,4.43,4.47,205.0,1098,0.10505045349121094,1.0087794190236212,0.09923840179984868,0.3828292995385685,0.022656416407294697,64.76896391163598,-76.4434226160701,14.209771903226992
2026-09-30,0.049315068493150684,772.0,call,4.035,4.01,4.06,227.0,1737,0.10401286621093749,1.0100878229393457,0.09841428819433218,0.35940618853565864,0.02238485963924416,63.461232367126286,-73.91310146049541,13.34739691122018
2026-09-30,0.049315068493150684,773.0,call,3.64,3.62,3.66,615.0,2381,0.10276165802001952,1.0113962268550702,0.0975217771798299,0.3360329447774679,0.022036811472219395,61.9079372204087,-71.11943733688169,12.48591567826385
2026-09-30,0.049315068493150684,774.0,call,3.28,3.26,3.3,217.0,1135,0.10178510528564452,1.0127046307707948,0.09680551574400131,0.3132197890569287,0.021568277350201306,60.14666239873338,-68.27298501001954,11.643817599518693
2026-09-30,0.049315068493150684,775.0,call,2.94,2.92,2.96,1067.0,15865,0.10077803527832031,1.0140130346865193,0.09602673905294808,0.2906753111485193,0.021025431848679263,58.16116217186215,-65.20405344321154,10.810860684615095
2026-09-30,0.049315068493150684,776.0,call,2.625,2.61,2.64,444.0,903,0.09967941345214844,1.0153214386022438,0.09527348076994467,0.26865427306506406,0.020396444516205384,55.97865646758611,-62.00538584590574,9.996399540296933
2026-09-30,0.049315068493150684,777.0,call,2.335,2.32,2.35,328.0,1717,0.09876389526367188,1.0166298425179683,0.09455603244352606,0.24728458837039552,0.019686039772612227,53.62206928306024,-58.71119762087403,9.205255833043985
2026-09-30,0.049315068493150684,778.0,call,2.0700000000000003,2.06,2.08,147.0,1869,0.09778734252929688,1.017938246433693,0.09388941579900247,0.22670419697209743,0.01890093186711054,51.12058601375002,-55.36241002963965,8.442628557961896
2026-09-30,0.049315068493150684,779.0,call,1.8250000000000002,1.81,1.84,100.0,1157,0.0969938934326172,1.0192466503494175,0.09319122065498135,0.2067965605829209,0.01805657493745502,48.47371947716011,-51.91384121182409,7.704372169502917
2026-09-30,0.049315068493150684,780.0,call,1.61,1.6,1.62,5674.0,10773,0.09620044433593751,1.020555054265142,0.09269050488839185,0.18822950292677404,0.017150115289862326,45.79291204999412,-48.601522616304926,7.015163304105492
2026-09-30,0.049315068493150684,781.0,call,1.41,1.4,1.42,52.0,2185,0.09543751251220703,1.0218634581808665,0.0920945944982337,0.17030958471700602,0.016208268805515482,42.9998302251948,-45.18874534538273,6.34960646572651
2026-09-30,0.049315068493150684,782.0,call,1.2349999999999999,1.22,1.25,75.0,1397,0.09494923614501954,1.023171862096591,0.09165472898926647,0.1537501185787985,0.01523610445834648,40.227661715509186,-41.93247350332764,5.734093549085463
2026-09-30,0.049315068493150684,783.0,call,1.08,1.07,1.09,79.0,1318,0.09430837341308594,1.0244802660123156,0.09129733621050531,0.13838838124170666,0.014251204834051179,37.480524420807704,-38.79045532457833,5.162737950457834
2026-09-30,0.049315068493150684,784.0,call,0.94,0.93,0.95,139.0,1069,0.09382009704589844,1.02578866992804,0.09092625257062373,0.12397986116424048,0.013262725679260616,34.73905895523264,-35.696674072856155,4.6265703456230955
2026-09-30,0.049315068493150684,785.0,call,0.815,0.8,0.83,858.0,5072,0.09351492431640626,1.0270970738437648,0.09056896857375303,0.11060174074140366,0.012280376515703644,32.03959919923681,-32.69679999018918,4.128499875227545
2026-09-30,0.049315068493150684,786.0,call,0.71,0.7,0.72,472.0,21995,0.09308768249511719,1.0284054777594893,0.09043299006578828,0.09876923488551637,0.011330953213385857,29.51816167566171,-29.99098473170838,3.6876987348485653
2026-09-30,0.049315068493150684,787.0,call,0.61,0.6,0.62,230.0,2200,0.09259940612792968,1.0297138816752138,0.09006064944744725,0.08729846630308585,0.01038530931486693,26.94328101333626,-27.189248741932737,3.2602853910118674
2026-09-30,0.049315068493150684,788.0,call,0.53,0.52,0.54,422.0,986,0.0924773370361328,1.0310222855909383,0.09003025215391525,0.0775770755984902,0.009505076371421464,24.651312514900273,-24.8012167016872,2.8978215292933993
2026-09-30,0.049315068493150684,789.0,call,0.455,0.45,0.46,135.0,1869,0.09192802612304687,1.0323306895066628,0.08981775011221606,0.06830244011113623,0.008642644275431065,22.36169812848888,-22.388623570245308,2.551949778009895
2026-09-30,0.049315068493150684,790.0,call,0.395,0.39,0.4,11667.0,11065,0.09192802612304687,1.0336390934223874,0.08989926819155891,0.06049498712202691,0.0078574996041493,20.348691823161552,-20.341146285122136,2.2606380804110047
2026-09-30,0.049315068493150684,791.0,call,0.345,0.34,0.35,483.0,1543,0.09211112976074219,1.0349474973381119,0.09014153452006228,0.05374199807784494,0.0071391341482257495,18.53815290373136,-18.53641103634841,2.0085766106408984
2026-09-30,0.049315068493150684,792.0,call,0.305,0.3,0.31,1868.0,1690,0.09253837158203124,1.0362559012538366,0.09063241432348217,0.04810095877265505,0.0065004564059990035,16.971622748870082,-17.022032339424932,1.7979329525237113
2026-09-30,0.049315068493150684,793.0,call,0.265,0.26,0.27,981.0,1894,0.09266044067382811,1.037564305169561,0.09083570724836905,0.042504145714052616,0.005871504146390606,15.363916710583783,-15.410542701077507,1.588955963905334
2026-09-30,0.049315068493150684,794.0,call,0.235,0.23,0.24,274.0,2308,0.09314871704101563,1.0388727090852856,0.09141123479301122,0.03807720772679629,0.0053359094568844615,14.050895289592267,-14.152053964578439,1.4235794755158835
2026-09-30,0.049315068493150684,795.0,call,0.20500000000000002,0.2,0.21,1994.0,4494,0.09339285522460938,1.0401811130010101,0.09172602827671195,0.0336935693270664,0.0048105364932982606,12.711068902765499,-12.820934812463245,1.2598350185546918
2026-09-30,0.049315068493150684,796.0,call,0.185,0.18,0.19,170.0,820,0.0942473388671875,1.0414895169167346,0.09259284832291079,0.030540833249267013,0.004394225408773615,11.720759244973658,-11.909450700017164,1.141991675639383
2026-09-30,0.049315068493150684,797.0,call,0.165,0.16,0.17,337.0,886,0.09485768432617189,1.0427979208324591,0.09326816670863515,0.02744095417933609,0.003991126633715054,10.72321264336795,-10.95446244690759,1.026140366520972
2026-09-30,0.049315068493150684,798.0,call,0.14500000000000002,0.14,0.15,575.0,932,0.09522389160156251,1.0441063247481837,0.09371976097838418,0.024378642889599754,0.0035974796146351546,9.712375935570002,-9.952248034060077,0.9117050058721059
2026-09-30,0.049315068493150684,799.0,call,0.135,0.13,0.14,92.0,971,0.09644458251953125,1.0454147286639084,0.09502658591610796,0.02260668094781982,0.0033297566929157804,9.114935444537386,-9.452720071170825,0.845411162364377
2026-09-30,0.049315068493150684,800.0,call,0.125,0.12,0.13,4267.0,58510,0.0976652734375,1.046723132579633,0.09623032601318289,0.020881336698168846,0.003074814968469515,8.523675625481536,-8.935882450329746,0.7808743193288128
2026-09-30,0.049315068493150684,801.0,call,0.11499999999999999,0.11,0.12,3946.0,1576,0.09888596435546876,1.0480315364953574,0.097320560566825,0.019196606884025778,0.0028309692799193494,7.936622588930595,-8.400849524542883,0.7178683684051327
2026-09-30,0.049315068493150684,802.0,call,0.10500000000000001,0.1,0.11,235.0,766,0.09961837890625,1.049339940411082,0.09828520285540691,0.01754754750611057,0.002596703726914784,7.352017123560085,-7.8469853137020795,0.6562067548248687
2026-09-30,0.049315068493150684,803.0,call,0.095,0.09,0.1,2879.0,2439,0.100594931640625,1.0506483443268064,0.09910757917877279,0.015928096358359907,0.0023704314850597472,6.767530868254759,-7.272929657528195,0.5956612033084953
2026-09-30,0.049315068493150684,804.0,call,0.08499999999999999,0.08,0.09,254.0,764,0.1010832080078125,1.051956748242531,0.09976727486373675,0.014333087255160597,0.002150654815298828,6.18094374176275,-6.677534613565538,0.5360367917186567
2026-09-30,0.049315068493150684,805.0,call,0.08499999999999999,0.08,0.09,18.0,4555,0.10328045166015623,1.0532651521582554,0.10195009941088685,0.014059472329837234,0.0020699492446619536,6.079156452860014,-6.700931213965003,0.5257239680893272
2026-09-30,0.049315068493150684,806.0,call,0.07500000000000001,0.07,0.08,57.0,1242,0.10376872802734374,1.0545735560739802,0.1023815824021646,0.012516997977200697,0.0018643532468133016,5.498522561217387,-6.079068499740669,0.4680796982771083
2026-09-30,0.049315068493150684,807.0,call,0.07500000000000001,0.07,0.08,1.0,2418,0.10596597167968749,1.0558819599897047,0.10451914707647765,0.012288110064505482,0.0017972654905518389,5.411330540435272,-6.098992040206366,0.4594526806443826
2026-10-02,0.0547945205479452,722.0,call,44.08,42.4,45.76,2.0,238,0.23603058898925777,0.9446676271531186,0.1317960932108227,0.9731954805032127,0.0026275073003105085,11.084087077562787,-40.710342644747215,38.34101658045482
2026-10-02,0.0547945205479452,728.0,call,38.41,36.74,40.08,4.0,302,0.2197953997802734,0.9525180506474659,0.13618024519030478,0.9462182451276216,0.004485718085443161,19.55237637147066,-51.091908863293575,37.52192450308576
2026-10-02,0.0547945205479452,758.0,call,12.965,12.81,13.12,51.0,347,0.1324549645996094,0.9917701681192022,0.11863890990403267,0.6512366164537344,0.01742827714728711,66.18126528575702,-90.61551429129763,26.562664110381736
2026-10-02,0.0547945205479452,760.0,call,11.58,11.5,11.66,100.0,674,0.1283046154785156,0.9943869759506512,0.1165643940728499,0.6173452222663507,0.018296460191732353,68.26316909441238,-90.61773933398646,25.219220074523214
2026-10-02,0.0547945205479452,761.0,call,10.92,10.84,11.0,29.0,306,0.12690082092285154,0.9956953798663757,0.11564317579377942,0.5995190044374896,0.018679377923416476,69.14103549275484,-90.46297800887618,24.508842834937816
2026-10-02,0.0547945205479452,762.0,call,10.245000000000001,10.22,10.27,67.0,797,0.12430685272216799,0.9970037837821003,0.11426002690725397,0.5814990675650801,0.0191072549064847,69.87890328326549,-89.84714655229247,23.791173212994188
2026-10-02,0.0547945205479452,763.0,call,9.61,9.58,9.64,224.0,755,0.12287254089355469,0.9983121876978248,0.11319854666777344,0.5627383747578958,0.019454828454045642,70.48905975413516,-89.26432971544038,23.040290419335495
2026-10-02,0.0547945205479452,764.0,call,9.0,8.97,9.03,288.0,501,0.12146874633789062,0.9996205916135493,0.11223079353023582,0.543475949087225,0.01975068455208519,70.94922357572459,-88.56090885476655,22.26702491885039
2026-10-02,0.0547945205479452,765.0,call,8.399999999999999,8.37,8.43,876.0,1585,0.11997339996337889,1.000928995529274,0.111135947898732,0.5238155941983648,0.020028757405085536,71.24625240338034,-87.58881751018998,21.476548437309074
2026-10-02,0.0547945205479452,766.0,call,7.825,7.79,7.86,446.0,913,0.11863063995361328,1.0022373994449985,0.11011807404665006,0.5037364986951411,0.020249097857397456,71.37033693568976,-86.47375972706368,20.66716479525757
2026-10-02,0.0547945205479452,767.0,call,7.279999999999999,7.25,7.31,389.0,870,0.11731839721679688,1.003545803360723,0.10923920887257985,0.48333501058696576,0.020395091188566566,71.31118585370989,-85.25361805286859,19.84263587472453
2026-10-02,0.0547945205479452,768.0,call,6.75,6.72,6.78,163.0,784,0.11600615447998047,1.0048542072764475,0.1082827207994914,0.46264087810698784,0.02050285416029666,71.06028467866834,-83.78515329162217,19.00502940083459
2026-10-02,0.0547945205479452,769.0,call,6.234999999999999,6.21,6.26,419.0,792,0.1145718426513672,1.006162611192172,0.10724177835805741,0.441655623926092,0.02057034039724456,70.608818813392,-82.06093700256733,18.154409167513467
2026-10-02,0.0547945205479452,770.0,call,5.75,5.72,5.78,1690.0,3415,0.11338166900634765,1.0074710151078965,0.10632299904469827,0.42055560891457056,0.02055555254946945,69.95356216959986,-80.22118126742316,17.297339253690243
2026-10-02,0.0547945205479452,771.0,call,5.285,5.26,5.31,100.0,704,0.11206942626953123,1.0087794190236212,0.10538094008424867,0.3993231671177587,0.02048284404366427,69.08850380927682,-78.17120294987564,16.4336271025723
2026-10-02,0.0547945205479452,772.0,call,4.845000000000001,4.82,4.87,187.0,646,0.1108792526245117,1.0100878229393457,0.10448424956566874,0.37809202528306385,0.02033751430692762,68.01460185636078,-75.96428622752784,15.568599763363341
2026-10-02,0.0547945205479452,773.0,call,4.425000000000001,4.4,4.45,1080.0,1429,0.10967382034301759,1.0113962268550702,0.10355775597254749,0.3568495916291269,0.02013123813958698,66.7277649102924,-73.55440247388083,14.70200369171152
2026-10-02,0.0547945205479452,774.0,call,4.035,4.01,4.06,1077.0,1267,0.10859045715332032,1.0127046307707948,0.10275104864921072,0.3358874169586721,0.019838643132812528,65.24566905024811,-71.06194013672321,13.845501324911
2026-10-02,0.0547945205479452,775.0,call,3.665,3.64,3.69,745.0,847,0.10752235260009765,1.0140130346865193,0.10191621644044231,0.3150800431239555,0.019484793891656232,63.56127049248554,-68.39064101491431,12.994384618669516
2026-10-02,0.0547945205479452,776.0,call,3.32,3.3,3.34,212.0,353,0.10642373077392578,1.0153214386022438,0.10113281078689254,0.29463799266856117,0.019058905969373364,61.69408194555763,-65.61530423130831,12.157198184033957
2026-10-02,0.0547945205479452,777.0,call,2.995,2.97,3.02,216.0,666,0.1054776953125,1.0166298425179683,0.1003253873526629,0.27450042495028915,0.01857345557815428,59.64266180977286,-62.693216110244606,11.33166705498013
2026-10-02,0.0547945205479452,778.0,call,2.6950000000000003,2.68,2.71,152.0,359,0.10434855621337888,1.017938246433693,0.09958284633156805,0.2549233619385136,0.01802079799825209,57.439680391123446,-59.7135155573686,10.528239486099968
2026-10-02,0.0547945205479452,779.0,call,2.415,2.4,2.43,232.0,1136,0.10337200347900388,1.0192466503494175,0.09882901004643463,0.23582231182014063,0.01741367772462952,55.08437277642207,-56.63405834397037,9.743650599887214
2026-10-02,0.0547945205479452,780.0,call,2.165,2.15,2.18,2686.0,1100,0.10260907165527343,1.020555054265142,0.09826034158224645,0.21773085019233995,0.016743006270317863,52.65809822134056,-53.6414875461027,8.99969902387814
2026-10-02,0.0547945205479452,781.0,call,1.935,1.92,1.95,247.0,641,0.10187665710449219,1.0218634581808665,0.0977160956928682,0.20035200363151284,0.01603116591670969,50.14003997835209,-50.62398085403858,8.284494709740889
2026-10-02,0.0547945205479452,782.0,call,1.72,1.71,1.73,511.0,647,0.10102217346191406,1.023171862096591,0.09710818696539986,0.18351247214732297,0.015287345571500216,47.51616585688394,-47.52559743829108,7.591054391082899
2026-10-02,0.0547945205479452,783.0,call,1.525,1.51,1.54,334.0,1214,0.10041182800292968,1.0244802660123156,0.09655195188835355,0.167540164686157,0.014512991535447732,44.850930820367154,-44.466204638533476,6.932836672430579
2026-10-02,0.0547945205479452,784.0,call,1.355,1.34,1.37,292.0,949,0.09989303436279298,1.02578866992804,0.09619297541210053,0.1528479037446186,0.013718708825933623,42.238652777354254,-41.593588210983505,6.32685594443013
2026-10-02,0.0547945205479452,785.0,call,1.1949999999999998,1.18,1.21,422.0,1054,0.09925217163085936,1.0270970738437648,0.09571130984161164,0.1386381494815978,0.01291223163021876,39.5565155700104,-38.646748712167025,5.740534150285171
2026-10-02,0.0547945205479452,786.0,call,1.0550000000000002,1.04,1.07,696.0,712,0.09882492980957032,1.0284054777594893,0.09537300717820574,0.12560492672053186,0.012105141749774404,36.95292466536227,-35.87448553609909,5.202388311151248
2026-10-02,0.0547945205479452,787.0,call,0.9299999999999999,0.92,0.94,200.0,677,0.09827561889648437,1.0297138816752138,0.09508879074556821,0.11351710822394068,0.01130475267879342,34.40676575492264,-33.212769490503824,4.703013052067692
2026-10-02,0.0547945205479452,788.0,call,0.8200000000000001,0.81,0.83,458.0,820,0.0979704461669922,1.0310222855909383,0.094896824409599,0.10245478549169729,0.010521294548959012,31.957611989781086,-30.705162146269508,4.245762505612424
2026-10-02,0.0547945205479452,789.0,call,0.72,0.71,0.73,238.0,583,0.09760423889160157,1.0323306895066628,0.09467751409944894,0.0921055755263841,0.009752967396831557,29.555416208509985,-28.26027643304354,3.8178284238433897
2026-10-02,0.0547945205479452,790.0,call,0.63,0.62,0.64,567.0,1436,0.09729906616210937,1.0336390934223874,0.09445219321856209,0.0825062615106768,0.009004942916504766,27.223657471061873,-25.90625961081903,3.420751165993514
2026-10-02,0.0547945205479452,791.0,call,0.555,0.55,0.56,134.0,847,0.0969938934326172,1.0349474973381119,0.09444917273883628,0.07413461132542755,0.008303372027811786,25.101872300414577,-23.829418044032817,3.0742651901515377
2026-10-02,0.0547945205479452,792.0,call,0.485,0.48,0.49,706.0,465,0.09681078979492189,1.0362559012538366,0.09432597238245373,0.06618656217624777,0.007619610689296866,23.004750854712942,-21.761194100087167,2.745245270620262
2026-10-02,0.0547945205479452,793.0,call,0.425,0.42,0.43,1555.0,371,0.09668872070312501,1.037564305169561,0.09431724025147625,0.05913175803724937,0.006979372503035323,21.069824764055426,-19.88543899194002,2.453085373489151
2026-10-02,0.0547945205479452,794.0,call,0.375,0.37,0.38,2228.0,493,0.09681078979492189,1.0388727090852856,0.09448881165799713,0.05302500722347987,0.006392763733163157,19.334035059948246,-18.24113374183863,2.200081180699498
2026-10-02,0.0547945205479452,795.0,call,0.335,0.33,0.34,2299.0,5659,0.0971769970703125,1.0401811130010101,0.0949232457311484,0.047921270353238225,0.005870500839267455,17.836153243218273,-16.869280166172082,1.9885340651204533
2026-10-02,0.0547945205479452,796.0,call,0.295,0.29,0.3,2260.0,531,0.09729906616210937,1.0414895169167346,0.09510916804831977,0.0428512025460217,0.0053550071865256,16.301812797820443,-15.417866480434569,1.7783969672383697
2026-10-02,0.0547945205479452,797.0,call,0.265,0.26,0.27,1493.0,806,0.09778734252929688,1.0427979208324591,0.09567169140814943,0.0388371900441517,0.004915203294585588,15.051452001690013,-14.291101950718259,1.6119382109518392
2026-10-02,0.0547945205479452,798.0,call,0.235,0.23,0.24,390.0,513,0.09803148071289064,1.0441063247481837,0.09601648590597983,0.03486075051301664,0.004483504536589634,13.778974030063074,-13.105827421952862,1.4470532978838069
2026-10-02,0.0547945205479452,799.0,call,0.215,0.21,0.22,14.0,1419,0.09888596435546876,1.0454147286639084,0.09689545515623892,0.03199334168412331,0.004139676832965326,12.838766691759666,-12.300066836660815,1.3280652308350942
2026-10-02,0.0547945205479452,800.0,call,0.195,0.19,0.2,3994.0,3999,0.09961837890625,1.046723132579633,0.09762042245948833,0.02917336488164293,0.003806604145834989,11.894107513273633,-11.459956395915592,1.2110635013755249
2026-10-02,0.0547945205479452,801.0,call,0.175,0.17,0.18,31.0,589,0.1001066552734375,1.0480315364953574,0.09816999749428784,0.026389843418136567,0.003481858384325228,10.940655522779695,-10.583037168635174,1.0955886480362473
2026-10-02,0.0547945205479452,803.0,call,0.14500000000000002,0.14,0.15,46.0,232,0.10157148437499999,1.0506483443268064,0.09970921813550811,0.022041079968420668,0.0029468686481571547,9.404799686536643,-9.21042657460935,0.91511105258135
2026-10-02,0.0547945205479452,805.0,call,0.125,0.12,0.13,2564.0,670,0.10352458984374999,1.0532651521582554,0.10181158936522688,0.018964301640641192,0.002540784251032738,8.279773697567386,-8.254432220131635,0.7873548476813093
2026-10-02,0.0547945205479452,806.0,call,0.11499999999999999,0.11,0.12,64.0,720,0.10450114257812498,1.0545735560739802,0.10270251033873688,0.0174700427312826,0.002348602268018573,7.720474553354501,-7.753293953108907,0.7253249485109056
2026-10-02,0.0547945205479452,807.0,call,0.10500000000000001,0.1,0.11,207.0,265,0.10523355712890625,1.0558819599897047,0.10347081636459494,0.01600021195687833,0.002162317556645585,7.161282578094626,-7.235881131789281,0.6643178983451955
2026-10-02,0.0547945205479452,808.0,call,0.095,0.09,0.1,11.0,204,0.10572183349609374,1.0571903639054292,0.10409946144702012,0.01454998937868127,0.001980830062725881,6.600079429574452,-6.700889863011923,0.6041321129546056
2026-10-02,0.0547945205479452,810.0,call,0.08499999999999999,0.08,0.09,65.0,614,0.108407353515625,1.0598071717368782,0.10659926728598539,0.012891890584743469,0.0017426385698466622,5.945864425719269,-6.1658786559318015,0.5352406990838973
2026-10-02,0.0547945205479452,811.0,call,0.08499999999999999,0.08,0.09,4.0,515,0.11036045898437499,1.0611155756526027,0.10862377237716601,0.012677355769904608,0.001685512003901448,5.860169690989491,-6.184364279547523,0.5262562158634785
2026-10-02,0.0547945205479452,812.0,call,0.07500000000000001,0.07,0.08,2.0,206,0.11036045898437499,1.0624239795683272,0.10883611513582693,0.011306443691754325,0.0015232769631903943,5.3064657619998385,-5.605211258065523,0.4693918639307813
2026-10-02,0.0547945205479452,814.0,call,0.07500000000000001,0.07,0.08,1.0,206,0.11426666992187501,1.0650407873997765,0.11279851970125501,0.01095050829554679,0.0014294479096538678,5.160897040395431,-5.636600069541073,0.4544856785580943
